run,year,county,pollutant,sourcetype,regclass,fueltype,roadtype,emission,vmt
1,2023,36109,98,32,30,5,5,23.223161697387695,52436.19921875
1,2023,36109,98,31,30,5,5,142.7900848388672,328690
1,2023,36109,98,21,20,5,5,28.109487533569336,80295.3984375
1,2023,36109,98,61,47,3,5,155.91751098632813,70080.296875
1,2023,36109,98,54,47,3,5,0.0022630891762673855,0.8690900206565857
1,2023,36109,98,53,47,3,5,12.79232120513916,6360.68017578125
1,2023,36109,98,52,47,3,5,202.257568359375,87907.5
1,2023,36109,98,51,47,3,5,32.43319320678711,14205.2998046875
1,2023,36109,98,43,47,3,5,11.4673433303833,5148.8701171875
1,2023,36109,98,42,48,3,5,44.65176010131836,18668.900390625
1,2023,36109,98,41,47,3,5,136.7240753173828,56990
1,2023,36109,98,62,49,2,5,395.6040954589844,190944
1,2023,36109,98,62,47,2,5,10573.96484375,5366860
1,2023,36109,98,62,46,2,5,5.9160380363464355,2988.639892578125
1,2023,36109,98,61,49,2,5,159.62680053710938,78037
1,2023,36109,98,61,47,2,5,3213.953857421875,1669180
1,2023,36109,98,61,46,2,5,757.403564453125,442518
1,2023,36109,98,54,47,2,5,87.83634948730469,46501.30078125
1,2023,36109,98,54,46,2,5,115.94991302490234,75647.5
1,2023,36109,98,54,42,2,5,4.198890686035156,3662.89990234375
1,2023,36109,98,53,47,2,5,150.74876403808594,93425.1015625
1,2023,36109,98,53,46,2,5,153.21023559570313,120571
1,2023,36109,98,53,42,2,5,69.58174133300781,85492.796875
1,2023,36109,98,53,41,2,5,128.8756103515625,177371
1,2023,36109,98,52,47,2,5,2411.08544921875,1317720
1,2023,36109,98,52,46,2,5,2406.345458984375,1702420
1,2023,36109,98,52,42,2,5,1090.347900390625,1231360
1,2023,36109,98,52,41,2,5,1939.439453125,2497910
1,2023,36109,98,51,47,2,5,108.01415252685547,56018.30078125
1,2023,36109,98,51,46,2,5,25.915115356445313,14775.7998046875
1,2023,36109,98,51,42,2,5,0.03849932178854942,27.326400756835938
1,2023,36109,98,43,47,2,5,33.34017562866211,20177.900390625
1,2023,36109,98,43,46,2,5,558.8343505859375,375995
1,2023,36109,98,43,42,2,5,7.787310600280762,6357.4599609375
1,2023,36109,98,43,41,2,5,0.12126856297254562,104.88899993896484
1,2023,36109,98,42,48,2,5,388.896484375,205251
1,2023,36109,98,42,46,2,5,19.942352294921875,11307.2001953125
1,2023,36109,98,42,42,2,5,22.620969772338867,14677.099609375
1,2023,36109,98,41,47,2,5,1179.384765625,631340
1,2023,36109,98,41,46,2,5,62.04909896850586,35766.5
1,2023,36109,98,41,42,2,5,72.26763153076172,46970.19921875
1,2023,36109,98,32,41,2,5,566.54168701171875,811791
1,2023,36109,98,32,30,2,5,57.07304382324219,131418
1,2023,36109,98,31,41,2,5,2655.390625,4060260
1,2023,36109,98,31,30,2,5,817.94354248046875,2042430
1,2023,36109,98,21,20,2,5,340.2129211425781,940584
1,2023,36109,98,61,47,1,5,0.008333494886755943,4.126150131225586
1,2023,36109,98,61,46,1,5,0.01839338429272175,10.616299629211426
1,2023,36109,98,54,47,1,5,1.4442702531814575,625.531005859375
1,2023,36109,98,54,46,1,5,162.4376678466797,97736.796875
1,2023,36109,98,54,42,1,5,110.5044937133789,98592.203125
1,2023,36109,98,53,47,1,5,9.84570026397705,4866.68994140625
1,2023,36109,98,53,46,1,5,17.635326385498047,11693.7001953125
1,2023,36109,98,53,42,1,5,57.17412567138672,50818.30078125
1,2023,36109,98,53,41,1,5,63.12396240234375,62922.5
1,2023,36109,98,52,47,1,5,153.29953002929688,67224.296875
1,2023,36109,98,52,46,1,5,272.4648742675781,161829
1,2023,36109,98,52,42,1,5,869.17132568359375,712152
1,2023,36109,98,52,41,1,5,947.8465576171875,887415
1,2023,36109,98,51,47,1,5,0.010167188942432404,5.261250019073486
1,2023,36109,98,51,46,1,5,0.0712895542383194,37.75170135498047
1,2023,36109,98,51,42,1,5,0.37859100103378296,301.26800537109375
1,2023,36109,98,51,41,1,5,0.011544505134224892,9.74468994140625
1,2023,36109,98,43,47,1,5,0.04336977005004883,26.06100082397461
1,2023,36109,98,43,46,1,5,2.7190380096435547,1699.5400390625
1,2023,36109,98,43,42,1,5,5.622283458709717,3813.27001953125
1,2023,36109,98,43,41,1,5,0.005997079890221357,6.1145100593566895
1,2023,36109,98,42,47,1,5,0.012464934960007668,6.6929402351379395
1,2023,36109,98,42,46,1,5,0.058956895023584366,35.62919998168945
1,2023,36109,98,42,42,1,5,75.28057861328125,42057.6015625
1,2023,36109,98,41,47,1,5,0.04203090816736221,22.60610008239746
1,2023,36109,98,41,46,1,5,0.18515080213546753,109.677001953125
1,2023,36109,98,41,42,1,5,211.66799926757813,121930
1,2023,36109,98,32,41,1,5,1593.3687744140625,1797600
1,2023,36109,98,32,30,1,5,6360.3134765625,14601700
1,2023,36109,98,31,41,1,5,1467.837646484375,1830060
1,2023,36109,98,31,30,1,5,58020.37109375,130261000
1,2023,36109,98,21,20,1,5,43311.2421875,124582000
1,2023,36109,98,11,10,1,5,867.42193603515625,2054210
1,2023,36109,98,32,30,5,4,3.6557159423828125,10080.599609375
1,2023,36109,98,31,30,5,4,21.062963485717773,56252.69921875
1,2023,36109,98,21,20,5,4,4.220705509185791,14664.5
1,2023,36109,98,61,47,3,4,36.423667907714844,21481.400390625
1,2023,36109,98,54,47,3,4,2.675055875442922e-4,0.17065200209617615
1,2023,36109,98,53,47,3,4,1.740174651145935,1263.0699462890625
1,2023,36109,98,52,47,3,4,26.668987274169922,19138.900390625
1,2023,36109,98,51,47,3,4,5.395240306854248,3260.75
1,2023,36109,98,43,47,3,4,1.2582000494003296,893.9229736328125
1,2023,36109,98,42,48,3,4,6.656019687652588,4006.6298828125
1,2023,36109,98,41,47,3,4,17.47163200378418,10135.2001953125
1,2023,36109,98,62,49,2,4,169.12872314453125,95242
1,2023,36109,98,62,47,2,4,4628.83642578125,2676960
1,2023,36109,98,62,46,2,4,2.7599337100982666,1490.719970703125
1,2023,36109,98,61,49,2,4,41.72887420654297,23920.30078125
1,2023,36109,98,61,47,2,4,860.11688232421875,511647
1,2023,36109,98,61,46,2,4,225.3928680419922,135643
1,2023,36109,98,54,47,2,4,12.111754417419434,9130.8798828125
1,2023,36109,98,54,46,2,4,17.132230758666992,14854
1,2023,36109,98,54,42,2,4,0.7460927367210388,719.23797607421875
1,2023,36109,98,53,47,2,4,22.121070861816406,18551.900390625
1,2023,36109,98,53,46,2,4,24.775436401367188,23942.30078125
1,2023,36109,98,53,42,2,4,13.006721496582031,16976.69921875
1,2023,36109,98,53,41,2,4,25.18218994140625,35221.5
1,2023,36109,98,52,47,2,4,351.7188415527344,286891
1,2023,36109,98,52,46,2,4,399.7707824707031,370645
1,2023,36109,98,52,42,2,4,222.46624755859375,268088
1,2023,36109,98,52,41,2,4,423.6192932128906,543837
1,2023,36109,98,51,47,2,4,21.4344425201416,12858.7001953125
1,2023,36109,98,51,46,2,4,5.628985404968262,3391.719970703125
1,2023,36109,98,51,42,2,4,0.007651119958609343,6.272640228271484
1,2023,36109,98,43,47,2,4,4.260598182678223,3503.18994140625
1,2023,36109,98,43,46,2,4,76.70057678222656,65278.3984375
1,2023,36109,98,43,42,2,4,1.1954565048217773,1103.75
1,2023,36109,98,43,41,2,4,0.018718788400292397,18.21030044555664
1,2023,36109,98,42,48,2,4,69.4349136352539,44049.80078125
1,2023,36109,98,42,46,2,4,3.8177225589752197,2426.679931640625
1,2023,36109,98,42,42,2,4,4.469871997833252,3149.909912109375
1,2023,36109,98,41,47,2,4,183.81809997558594,112279
1,2023,36109,98,41,46,2,4,10.407449722290039,6360.7900390625
1,2023,36109,98,41,42,2,4,11.956439018249512,8353.26953125
1,2023,36109,98,32,41,2,4,87.56275177001953,156063
1,2023,36109,98,32,30,2,4,9.050614356994629,25264.5
1,2023,36109,98,31,41,2,4,367.9261169433594,694881
1,2023,36109,98,31,30,2,4,120.95109558105469,349546
1,2023,36109,98,21,20,2,4,51.22263717651367,171780
1,2023,36109,98,61,47,1,4,0.0021320683881640434,1.2647700309753418
1,2023,36109,98,61,46,1,4,0.005060501396656036,3.254159927368164
1,2023,36109,98,54,47,1,4,0.1983487755060196,122.8280029296875
1,2023,36109,98,54,46,1,4,23.771011352539063,19191.400390625
1,2023,36109,98,54,42,1,4,19.123666763305664,19359.30078125
1,2023,36109,98,53,47,1,4,1.4579278230667114,966.4019775390625
1,2023,36109,98,53,46,1,4,2.7375128269195557,2322.080078125
1,2023,36109,98,53,42,1,4,9.683704376220703,10091.2001953125
1,2023,36109,98,53,41,1,4,11.068196296691895,12494.7998046875
1,2023,36109,98,52,47,1,4,22.546783447265625,14635.900390625
1,2023,36109,98,52,46,1,4,42.887733459472656,35232.8984375
1,2023,36109,98,52,42,1,4,154.87472534179688,155047
1,2023,36109,98,52,41,1,4,177.87225341796875,193205
1,2023,36109,98,51,47,1,4,0.0018774124328047037,1.2076900005340576
1,2023,36109,98,51,46,1,4,0.014683116227388382,8.665719985961914
1,2023,36109,98,51,42,1,4,0.07510332763195038,69.15470123291016
1,2023,36109,98,51,41,1,4,0.0023079973179847,2.2368500232696533
1,2023,36109,98,43,47,1,4,0.005290818400681019,4.524590015411377
1,2023,36109,98,43,46,1,4,0.355435848236084,295.06500244140625
1,2023,36109,98,43,42,1,4,0.8026732802391052,662.0419921875
1,2023,36109,98,43,41,1,4,9.021734003908932e-4,1.0615700483322144
1,2023,36109,98,42,47,1,4,0.002072201808914542,1.436400055885315
1,2023,36109,98,42,46,1,4,0.010453294962644577,7.646550178527832
1,2023,36109,98,42,42,1,4,14.979527473449707,9026.169921875
1,2023,36109,98,41,47,1,4,0.006118003744632006,4.020309925079346
1,2023,36109,98,41,46,1,4,0.028241323307156563,19.505199432373047
1,2023,36109,98,41,42,1,4,36.72526168823242,21684.19921875
1,2023,36109,98,32,41,1,4,233.81675720214844,345581
1,2023,36109,98,32,30,1,4,1000.5260009765625,2807100
1,2023,36109,98,31,41,1,4,192.6829071044922,313200
1,2023,36109,98,31,30,1,4,8549.25,22293200
1,2023,36109,98,21,20,1,4,6498.9736328125,22752700
1,2023,36109,98,11,10,1,4,128.05328369140625,288291
1,2023,36109,98,32,30,5,3,23.53291130065918,63028.19921875
1,2023,36109,98,31,30,5,3,188.0862579345703,504891
1,2023,36109,98,21,20,5,3,25.265745162963867,87187.5
1,2023,36109,98,61,47,3,3,378.2018737792969,217009
1,2023,36109,98,54,47,3,3,0.0031384341418743134,1.8062399625778198
1,2023,36109,98,53,47,3,3,17.67622184753418,12216.7001953125
1,2023,36109,98,52,47,3,3,276.4012451171875,179811
1,2023,36109,98,51,47,3,3,49.22767639160156,28338.69921875
1,2023,36109,98,43,47,3,3,14.821566581726074,9657.8896484375
1,2023,36109,98,42,48,3,3,47.80580520629883,27116.80078125
1,2023,36109,98,41,47,3,3,152.99530029296875,84744.1015625
1,2023,36109,98,62,49,2,3,1211.6715087890625,673634
1,2023,36109,98,62,47,2,3,33104.16796875,18933800
1,2023,36109,98,62,46,2,3,19.481918334960938,10543.7001953125
1,2023,36109,98,61,49,2,3,426.62091064453125,241648
1,2023,36109,98,61,47,2,3,8781.408203125,5168750
1,2023,36109,98,61,46,2,3,2267.54248046875,1370290
1,2023,36109,98,54,47,2,3,137.069091796875,96644.296875
1,2023,36109,98,54,46,2,3,188.7333221435547,157219
1,2023,36109,98,54,42,2,3,7.9773268699646,7612.66015625
1,2023,36109,98,53,47,2,3,222.29757690429688,179437
1,2023,36109,98,53,46,2,3,244.76931762695313,231574
1,2023,36109,98,53,42,2,3,126.06912994384766,164202
1,2023,36109,98,53,41,2,3,242.6815185546875,340669
1,2023,36109,98,52,47,2,3,3576.592041015625,2695350
1,2023,36109,98,52,46,2,3,3896.626220703125,3482230
1,2023,36109,98,52,42,2,3,2067.25244140625,2518700
1,2023,36109,98,52,41,2,3,3871.2509765625,5109370
1,2023,36109,98,51,47,2,3,187.6343231201172,111753
1,2023,36109,98,51,46,2,3,48.08689498901367,29476.900390625
1,2023,36109,98,51,42,2,3,0.06973440945148468,54.51449966430664
1,2023,36109,98,43,47,2,3,48.434120178222656,37848.30078125
1,2023,36109,98,43,46,2,3,857.91119384765625,705264
1,2023,36109,98,43,42,2,3,13.106700897216797,11924.900390625
1,2023,36109,98,43,41,2,3,0.20699641108512878,196.7429962158203
1,2023,36109,98,42,48,2,3,479.76776123046875,298128
1,2023,36109,98,42,46,2,3,25.982467651367188,16423.69921875
1,2023,36109,98,42,42,2,3,30.614158630371094,21318.599609375
1,2023,36109,98,41,47,2,3,1536.7540283203125,938802
1,2023,36109,98,41,46,2,3,85.48467254638672,53184.80078125
1,2023,36109,98,41,42,2,3,100.83580017089844,69844.703125
1,2023,36109,98,32,41,2,3,570.65545654296875,975771
1,2023,36109,98,32,30,2,3,58.23796844482422,157964
1,2023,36109,98,31,41,2,3,3374.560302734375,6236850
1,2023,36109,98,31,30,2,3,1080.3939208984375,3137320
1,2023,36109,98,21,20,2,3,306.5384216308594,1021320
1,2023,36109,98,61,47,1,3,0.021892011165618896,12.776900291442871
1,2023,36109,98,61,46,1,3,0.05140606313943863,32.87419891357422
1,2023,36109,98,54,47,1,3,2.253124237060547,1300.050048828125
1,2023,36109,98,54,46,1,3,263.2451477050781,203128
1,2023,36109,98,54,42,1,3,203.29705810546875,204906
1,2023,36109,98,53,47,1,3,14.628331184387207,9347.2197265625
1,2023,36109,98,53,46,1,3,27.235464096069336,22459.599609375
1,2023,36109,98,53,42,1,3,95.108734130859375,97604.3984375
1,2023,36109,98,53,41,1,3,108.26966857910156,120852
1,2023,36109,98,52,47,1,3,229.12640380859375,137505
1,2023,36109,98,52,46,1,3,424.8616027832031,331014
1,2023,36109,98,52,42,1,3,1480.8890380859375,1456680
1,2023,36109,98,52,41,1,3,1681.0687255859375,1815170
1,2023,36109,98,51,47,1,3,0.016738153994083405,10.49590015411377
1,2023,36109,98,51,46,1,3,0.12664122879505157,75.3124008178711
1,2023,36109,98,51,42,1,3,0.6844834685325623,601.01397705078125
1,2023,36109,98,51,41,1,3,0.02111102268099785,19.440099716186523
1,2023,36109,98,43,47,1,3,0.060945022851228714,48.883399963378906
1,2023,36109,98,43,46,1,3,4.015410900115967,3187.8701171875
1,2023,36109,98,43,42,1,3,8.87814712524414,7152.66015625
1,2023,36109,98,43,41,1,3,0.010017087683081627,11.469200134277344
1,2023,36109,98,42,47,1,3,0.014542240649461746,9.721540451049805
1,2023,36109,98,42,46,1,3,0.07198411971330643,51.75170135498047
1,2023,36109,98,42,42,1,3,100.62724304199219,61089
1,2023,36109,98,41,47,1,3,0.05200362578034401,33.61520004272461
1,2023,36109,98,41,46,1,3,0.23726697266101837,163.08999633789063
1,2023,36109,98,41,42,1,3,299.0548095703125,181309
1,2023,36109,98,32,41,1,3,1534.7589111328125,2160710
1,2023,36109,98,32,30,1,3,6441.818359375,17551200
1,2023,36109,98,31,41,1,3,1788.1693115234375,2811100
1,2023,36109,98,31,30,1,3,76360.8515625,200090000
1,2023,36109,98,21,20,1,3,38911.14453125,135276000
1,2023,36109,98,11,10,1,3,1252.9310302734375,2929590
1,2023,36109,98,32,30,5,2,0,0
1,2023,36109,98,31,30,5,2,0,0
1,2023,36109,98,21,20,5,2,0,0
1,2023,36109,98,61,47,3,2,0,0
1,2023,36109,98,54,47,3,2,0,0
1,2023,36109,98,53,47,3,2,0,0
1,2023,36109,98,52,47,3,2,0,0
1,2023,36109,98,51,47,3,2,0,0
1,2023,36109,98,43,47,3,2,0,0
1,2023,36109,98,42,48,3,2,0,0
1,2023,36109,98,41,47,3,2,0,0
1,2023,36109,98,62,49,2,2,0,0
1,2023,36109,98,62,47,2,2,0,0
1,2023,36109,98,62,46,2,2,0,0
1,2023,36109,98,61,49,2,2,0,0
1,2023,36109,98,61,47,2,2,0,0
1,2023,36109,98,61,46,2,2,0,0
1,2023,36109,98,54,47,2,2,0,0
1,2023,36109,98,54,46,2,2,0,0
1,2023,36109,98,54,42,2,2,0,0
1,2023,36109,98,53,47,2,2,0,0
1,2023,36109,98,53,46,2,2,0,0
1,2023,36109,98,53,42,2,2,0,0
1,2023,36109,98,53,41,2,2,0,0
1,2023,36109,98,52,47,2,2,0,0
1,2023,36109,98,52,46,2,2,0,0
1,2023,36109,98,52,42,2,2,0,0
1,2023,36109,98,52,41,2,2,0,0
1,2023,36109,98,51,47,2,2,0,0
1,2023,36109,98,51,46,2,2,0,0
1,2023,36109,98,51,42,2,2,0,0
1,2023,36109,98,43,47,2,2,0,0
1,2023,36109,98,43,46,2,2,0,0
1,2023,36109,98,43,42,2,2,0,0
1,2023,36109,98,43,41,2,2,0,0
1,2023,36109,98,42,48,2,2,0,0
1,2023,36109,98,42,46,2,2,0,0
1,2023,36109,98,42,42,2,2,0,0
1,2023,36109,98,41,47,2,2,0,0
1,2023,36109,98,41,46,2,2,0,0
1,2023,36109,98,41,42,2,2,0,0
1,2023,36109,98,32,41,2,2,0,0
1,2023,36109,98,32,30,2,2,0,0
1,2023,36109,98,31,41,2,2,0,0
1,2023,36109,98,31,30,2,2,0,0
1,2023,36109,98,21,20,2,2,0,0
1,2023,36109,98,61,47,1,2,0,0
1,2023,36109,98,61,46,1,2,0,0
1,2023,36109,98,54,47,1,2,0,0
1,2023,36109,98,54,46,1,2,0,0
1,2023,36109,98,54,42,1,2,0,0
1,2023,36109,98,53,47,1,2,0,0
1,2023,36109,98,53,46,1,2,0,0
1,2023,36109,98,53,42,1,2,0,0
1,2023,36109,98,53,41,1,2,0,0
1,2023,36109,98,52,47,1,2,0,0
1,2023,36109,98,52,46,1,2,0,0
1,2023,36109,98,52,42,1,2,0,0
1,2023,36109,98,52,41,1,2,0,0
1,2023,36109,98,51,47,1,2,0,0
1,2023,36109,98,51,46,1,2,0,0
1,2023,36109,98,51,42,1,2,0,0
1,2023,36109,98,51,41,1,2,0,0
1,2023,36109,98,43,47,1,2,0,0
1,2023,36109,98,43,46,1,2,0,0
1,2023,36109,98,43,42,1,2,0,0
1,2023,36109,98,43,41,1,2,0,0
1,2023,36109,98,42,47,1,2,0,0
1,2023,36109,98,42,46,1,2,0,0
1,2023,36109,98,42,42,1,2,0,0
1,2023,36109,98,41,47,1,2,0,0
1,2023,36109,98,41,46,1,2,0,0
1,2023,36109,98,41,42,1,2,0,0
1,2023,36109,98,32,41,1,2,0,0
1,2023,36109,98,32,30,1,2,0,0
1,2023,36109,98,31,41,1,2,0,0
1,2023,36109,98,31,30,1,2,0,0
1,2023,36109,98,21,20,1,2,0,0
1,2023,36109,98,11,10,1,2,0,0
1,2023,36109,91,32,30,5,5,280.0467529296875,52436.19921875
1,2023,36109,91,31,30,5,5,1721.7286376953125,328690
1,2023,36109,91,21,20,5,5,338.9081115722656,80295.3984375
1,2023,36109,91,61,47,3,5,1767.2998046875,70080.296875
1,2023,36109,91,54,47,3,5,0.025613997131586075,0.8690900206565857
1,2023,36109,91,53,47,3,5,140.99537658691406,6360.68017578125
1,2023,36109,91,52,47,3,5,2192.9453125,87907.5
1,2023,36109,91,51,47,3,5,363.27362060546875,14205.2998046875
1,2023,36109,91,43,47,3,5,119.47423553466797,5148.8701171875
1,2023,36109,91,42,48,3,5,485.43115234375,18668.900390625
1,2023,36109,91,41,47,3,5,1471.031005859375,56990
1,2023,36109,91,62,49,2,5,4615.82177734375,190944
1,2023,36109,91,62,47,2,5,123328.0625,5366860
1,2023,36109,91,62,46,2,5,69.02581787109375,2988.639892578125
1,2023,36109,91,61,49,2,5,1862.4794921875,78037
1,2023,36109,91,61,47,2,5,37485.78515625,1669180
1,2023,36109,91,61,46,2,5,8834.0244140625,442518
1,2023,36109,91,54,47,2,5,1024.34375,46501.30078125
1,2023,36109,91,54,46,2,5,1352.080078125,75647.5
1,2023,36109,91,54,42,2,5,48.962806701660156,3662.89990234375
1,2023,36109,91,53,47,2,5,1758.0869140625,93425.1015625
1,2023,36109,91,53,46,2,5,1786.6256103515625,120571
1,2023,36109,91,53,42,2,5,811.012939453125,85492.796875
1,2023,36109,91,53,41,2,5,1501.8919677734375,177371
1,2023,36109,91,52,47,2,5,28117.18359375,1317720
1,2023,36109,91,52,46,2,5,28058.134765625,1702420
1,2023,36109,91,52,42,2,5,12706.720703125,1231360
1,2023,36109,91,52,41,2,5,22597.380859375,2497910
1,2023,36109,91,51,47,2,5,1259.6488037109375,56018.30078125
1,2023,36109,91,51,46,2,5,302.19915771484375,14775.7998046875
1,2023,36109,91,51,42,2,5,0.449068158864975,27.326400756835938
1,2023,36109,91,43,47,2,5,388.75665283203125,20177.900390625
1,2023,36109,91,43,46,2,5,6515.919921875,375995
1,2023,36109,91,43,42,2,5,90.77310943603516,6357.4599609375
1,2023,36109,91,43,41,2,5,1.4142663478851318,104.88899993896484
1,2023,36109,91,42,48,2,5,4534.982421875,205251
1,2023,36109,91,42,46,2,5,232.55450439453125,11307.2001953125
1,2023,36109,91,42,42,2,5,263.726318359375,14677.099609375
1,2023,36109,91,41,47,2,5,13753.7734375,631340
1,2023,36109,91,41,46,2,5,723.6024169921875,35766.5
1,2023,36109,91,41,42,2,5,842.62835693359375,46970.19921875
1,2023,36109,91,32,41,2,5,6599.1005859375,811791
1,2023,36109,91,32,30,2,5,665.3780517578125,131418
1,2023,36109,91,31,41,2,5,30932.767578125,4060260
1,2023,36109,91,31,30,2,5,9535.0400390625,2042430
1,2023,36109,91,21,20,2,5,3965.107421875,940584
1,2023,36109,91,61,47,1,5,0.09926867485046387,4.126150131225586
1,2023,36109,91,61,46,1,5,0.217264324426651,10.616299629211426
1,2023,36109,91,54,47,1,5,17.259843826293945,625.531005859375
1,2023,36109,91,54,46,1,5,1935.290771484375,97736.796875
1,2023,36109,91,54,42,1,5,1306.859619140625,98592.203125
1,2023,36109,91,53,47,1,5,117.6468505859375,4866.68994140625
1,2023,36109,91,53,46,1,5,210.56610107421875,11693.7001953125
1,2023,36109,91,53,42,1,5,682.3155517578125,50818.30078125
1,2023,36109,91,53,41,1,5,752.97247314453125,62922.5
1,2023,36109,91,52,47,1,5,1831.7418212890625,67224.296875
1,2023,36109,91,52,46,1,5,3253.18310546875,161829
1,2023,36109,91,52,42,1,5,10370.3505859375,712152
1,2023,36109,91,52,41,1,5,11305.751953125,887415
1,2023,36109,91,51,47,1,5,0.12093387544155121,5.261250019073486
1,2023,36109,91,51,46,1,5,0.8480536341667175,37.75170135498047
1,2023,36109,91,51,42,1,5,4.437357425689697,301.26800537109375
1,2023,36109,91,51,41,1,5,0.13503645360469818,9.74468994140625
1,2023,36109,91,43,47,1,5,0.5111103653907776,26.06100082397461
1,2023,36109,91,43,46,1,5,32.28151321411133,1699.5400390625
1,2023,36109,91,43,42,1,5,67.10772705078125,3813.27001953125
1,2023,36109,91,43,41,1,5,0.0702177956700325,6.1145100593566895
1,2023,36109,91,42,47,1,5,0.14842626452445984,6.6929402351379395
1,2023,36109,91,42,46,1,5,0.7016879320144653,35.62919998168945
1,2023,36109,91,42,42,1,5,898.77984619140625,42057.6015625
1,2023,36109,91,41,47,1,5,0.5002313256263733,22.60610008239746
1,2023,36109,91,41,46,1,5,2.2026984691619873,109.677001953125
1,2023,36109,91,41,42,1,5,2526.43505859375,121930
1,2023,36109,91,32,41,1,5,18951.603515625,1797600
1,2023,36109,91,32,30,1,5,75905.2734375,14601700
1,2023,36109,91,31,41,1,5,17393.01171875,1830060
1,2023,36109,91,31,30,1,5,692210.6875,130261000
1,2023,36109,91,21,20,1,5,516883.53125,124582000
1,2023,36109,91,11,10,1,5,10265.806640625,2054210
1,2023,36109,91,32,30,5,4,44.116241455078125,10080.599609375
1,2023,36109,91,31,30,5,4,254.1723175048828,56252.69921875
1,2023,36109,91,21,20,5,4,50.92668533325195,14664.5
1,2023,36109,91,61,47,3,4,450.1372985839844,21481.400390625
1,2023,36109,91,54,47,3,4,0.003348343772813678,0.17065200209617615
1,2023,36109,91,53,47,3,4,20.47910499572754,1263.0699462890625
1,2023,36109,91,52,47,3,4,315.25341796875,19138.900390625
1,2023,36109,91,51,47,3,4,67.27823638916016,3260.75
1,2023,36109,91,43,47,3,4,14.596003532409668,893.9229736328125
1,2023,36109,91,42,48,3,4,80.63648223876953,4006.6298828125
1,2023,36109,91,41,47,3,4,213.11570739746094,10135.2001953125
1,2023,36109,91,62,49,2,4,1973.66796875,95242
1,2023,36109,91,62,47,2,4,54003.9609375,2676960
1,2023,36109,91,62,46,2,4,32.20786666870117,1490.719970703125
1,2023,36109,91,61,49,2,4,486.9590148925781,23920.30078125
1,2023,36109,91,61,47,2,4,10034.9189453125,511647
1,2023,36109,91,61,46,2,4,2629.813232421875,135643
1,2023,36109,91,54,47,2,4,141.29298400878906,9130.8798828125
1,2023,36109,91,54,46,2,4,199.85385131835938,14854
1,2023,36109,91,54,42,2,4,8.704373359680176,719.23797607421875
1,2023,36109,91,53,47,2,4,258.04888916015625,18551.900390625
1,2023,36109,91,53,46,2,4,289.0121765136719,23942.30078125
1,2023,36109,91,53,42,2,4,151.6943359375,16976.69921875
1,2023,36109,91,53,41,2,4,293.68206787109375,35221.5
1,2023,36109,91,52,47,2,4,4102.9580078125,286891
1,2023,36109,91,52,46,2,4,4663.515625,370645
1,2023,36109,91,52,42,2,4,2594.72509765625,268088
1,2023,36109,91,52,41,2,4,4940.6953125,543837
1,2023,36109,91,51,47,2,4,250.07205200195313,12858.7001953125
1,2023,36109,91,51,46,2,4,65.67243957519531,3391.719970703125
1,2023,36109,91,51,42,2,4,0.08927574008703232,6.272640228271484
1,2023,36109,91,43,47,2,4,49.699737548828125,3503.18994140625
1,2023,36109,91,43,46,2,4,894.71942138671875,65278.3984375
1,2023,36109,91,43,42,2,4,13.943431854248047,1103.75
1,2023,36109,91,43,41,2,4,0.21839885413646698,18.21030044555664
1,2023,36109,91,42,48,2,4,810.03289794921875,44049.80078125
1,2023,36109,91,42,46,2,4,44.53963088989258,2426.679931640625
1,2023,36109,91,42,42,2,4,52.13676452636719,3149.909912109375
1,2023,36109,91,41,47,2,4,2144.606689453125,112279
1,2023,36109,91,41,46,2,4,121.42674255371094,6360.7900390625
1,2023,36109,91,41,42,2,4,139.47317504882813,8353.26953125
1,2023,36109,91,32,41,2,4,1020.8274536132813,156063
1,2023,36109,91,32,30,2,4,105.55744171142578,25264.5
1,2023,36109,91,31,41,2,4,4289.69677734375,694881
1,2023,36109,91,31,30,2,4,1410.56982421875,349546
1,2023,36109,91,21,20,2,4,597.221435546875,171780
1,2023,36109,91,61,47,1,4,0.025443674996495247,1.2647700309753418
1,2023,36109,91,61,46,1,4,0.059981465339660645,3.254159927368164
1,2023,36109,91,54,47,1,4,2.3705663681030273,122.8280029296875
1,2023,36109,91,54,46,1,4,283.6939697265625,19191.400390625
1,2023,36109,91,54,42,1,4,227.39553833007813,19359.30078125
1,2023,36109,91,53,47,1,4,17.422584533691406,966.4019775390625
1,2023,36109,91,53,46,1,4,32.70262908935547,2322.080078125
1,2023,36109,91,53,42,1,4,115.6697006225586,10091.2001953125
1,2023,36109,91,53,41,1,4,132.17877197265625,12494.7998046875
1,2023,36109,91,52,47,1,4,269.43499755859375,14635.900390625
1,2023,36109,91,52,46,1,4,512.389892578125,35232.8984375
1,2023,36109,91,52,42,1,4,1850.1199951171875,155047
1,2023,36109,91,52,41,1,4,2124.693115234375,193205
1,2023,36109,91,51,47,1,4,0.02239568531513214,1.2076900005340576
1,2023,36109,91,51,46,1,4,0.17505232989788055,8.665719985961914
1,2023,36109,91,51,42,1,4,0.889171838760376,69.15470123291016
1,2023,36109,91,51,41,1,4,0.027266422286629677,2.2368500232696533
1,2023,36109,91,43,47,1,4,0.06262995302677155,4.524590015411377
1,2023,36109,91,43,46,1,4,4.231159687042236,295.06500244140625
1,2023,36109,91,43,42,1,4,9.589539527893066,662.0419921875
1,2023,36109,91,43,41,1,4,0.0106625622138381,1.0615700483322144
1,2023,36109,91,42,47,1,4,0.024726178497076035,1.436400055885315
1,2023,36109,91,42,46,1,4,0.12471471726894379,7.646550178527832
1,2023,36109,91,42,42,1,4,178.96966552734375,9026.169921875
1,2023,36109,91,41,47,1,4,0.07300020754337311,4.020309925079346
1,2023,36109,91,41,46,1,4,0.33693569898605347,19.505199432373047
1,2023,36109,91,41,42,1,4,438.7577819824219,21684.19921875
1,2023,36109,91,32,41,1,4,2787.833251953125,345581
1,2023,36109,91,32,30,1,4,11951.6884765625,2807100
1,2023,36109,91,31,41,1,4,2292.1630859375,313200
1,2023,36109,91,31,30,1,4,102109.28125,22293200
1,2023,36109,91,21,20,1,4,77630.484375,22752700
1,2023,36109,91,11,10,1,4,1521.521240234375,288291
1,2023,36109,91,32,30,5,3,283.94512939453125,63028.19921875
1,2023,36109,91,31,30,5,3,2269.377197265625,504891
1,2023,36109,91,21,20,5,3,304.8094482421875,87187.5
1,2023,36109,91,61,47,3,3,4623.10107421875,217009
1,2023,36109,91,54,47,3,3,0.038383085280656815,1.8062399625778198
1,2023,36109,91,53,47,3,3,205.99476623535156,12216.7001953125
1,2023,36109,91,52,47,3,3,3201.129150390625,179811
1,2023,36109,91,51,47,3,3,598.14935302734375,28338.69921875
1,2023,36109,91,43,47,3,3,167.8963165283203,9657.8896484375
1,2023,36109,91,42,48,3,3,566.68182373046875,27116.80078125
1,2023,36109,91,41,47,3,3,1812.065185546875,84744.1015625
1,2023,36109,91,62,49,2,3,14139.53515625,673634
1,2023,36109,91,62,47,2,3,386207.96875,18933800
1,2023,36109,91,62,46,2,3,227.34434509277344,10543.7001953125
1,2023,36109,91,61,49,2,3,4978.39990234375,241648
1,2023,36109,91,61,47,2,3,102448.6015625,5168750
1,2023,36109,91,61,46,2,3,26455.943359375,1370290
1,2023,36109,91,54,47,2,3,1598.9105224609375,96644.296875
1,2023,36109,91,54,46,2,3,2201.46630859375,157219
1,2023,36109,91,54,42,2,3,93.06047058105469,7612.66015625
1,2023,36109,91,53,47,2,3,2593.08544921875,179437
1,2023,36109,91,53,46,2,3,2855.175537109375,231574
1,2023,36109,91,53,42,2,3,1470.2064208984375,164202
1,2023,36109,91,53,41,2,3,2829.97314453125,340669
1,2023,36109,91,52,47,2,3,41719.96875,2695350
1,2023,36109,91,52,46,2,3,45451.80859375,3482230
1,2023,36109,91,52,42,2,3,24107.822265625,2518700
1,2023,36109,91,52,41,2,3,45142.91796875,5109370
1,2023,36109,91,51,47,2,3,2188.917236328125,111753
1,2023,36109,91,51,46,2,3,560.9693603515625,29476.900390625
1,2023,36109,91,51,42,2,3,0.8136431574821472,54.51449966430664
1,2023,36109,91,43,47,2,3,564.93975830078125,37848.30078125
1,2023,36109,91,43,46,2,3,10006.7685546875,705264
1,2023,36109,91,43,42,2,3,152.85635375976563,11924.900390625
1,2023,36109,91,43,41,2,3,2.414933681488037,196.7429962158203
1,2023,36109,91,42,48,2,3,5596.5849609375,298128
1,2023,36109,91,42,46,2,3,303.10052490234375,16423.69921875
1,2023,36109,91,42,42,2,3,357.0625915527344,21318.599609375
1,2023,36109,91,41,47,2,3,17927.76953125,938802
1,2023,36109,91,41,46,2,3,997.28369140625,53184.80078125
1,2023,36109,91,41,42,2,3,1176.1842041015625,69844.703125
1,2023,36109,91,32,41,2,3,6651.798828125,975771
1,2023,36109,91,32,30,2,3,679.17254638671875,157964
1,2023,36109,91,31,41,2,3,39339.2421875,6236850
1,2023,36109,91,31,30,2,3,12599.0478515625,3137320
1,2023,36109,91,21,20,2,3,3573.73486328125,1021320
1,2023,36109,91,61,47,1,3,0.26120132207870483,12.776900291442871
1,2023,36109,91,61,46,1,3,0.6090663075447083,32.87419891357422
1,2023,36109,91,54,47,1,3,26.928621292114258,1300.050048828125
1,2023,36109,91,54,46,1,3,3140.620361328125,203128
1,2023,36109,91,54,42,1,3,2414.781982421875,204906
1,2023,36109,91,53,47,1,3,174.81065368652344,9347.2197265625
1,2023,36109,91,53,46,1,3,325.3363037109375,22459.599609375
1,2023,36109,91,53,42,1,3,1135.9208984375,97604.3984375
1,2023,36109,91,53,41,1,3,1292.7940673828125,120852
1,2023,36109,91,52,47,1,3,2738.11083984375,137505
1,2023,36109,91,52,46,1,3,5075.41796875,331014
1,2023,36109,91,52,42,1,3,17686.552734375,1456680
1,2023,36109,91,52,41,1,3,20075.240234375,1815170
1,2023,36109,91,51,47,1,3,0.19955624639987946,10.49590015411377
1,2023,36109,91,51,46,1,3,1.5092281103134155,75.3124008178711
1,2023,36109,91,51,42,1,3,8.091466903686523,601.01397705078125
1,2023,36109,91,51,41,1,3,0.24900102615356445,19.440099716186523
1,2023,36109,91,43,47,1,3,0.7208082675933838,48.883399963378906
1,2023,36109,91,43,46,1,3,47.77680587768555,3187.8701171875
1,2023,36109,91,43,42,1,3,106.05125427246094,7152.66015625
1,2023,36109,91,43,41,1,3,0.11820226907730103,11.469200134277344
1,2023,36109,91,42,47,1,3,0.17345526814460754,9.721540451049805
1,2023,36109,91,42,46,1,3,0.8584284782409668,51.75170135498047
1,2023,36109,91,42,42,1,3,1202.1636962890625,61089
1,2023,36109,91,41,47,1,3,0.6201870441436768,33.61520004272461
1,2023,36109,91,41,46,1,3,2.829139232635498,163.08999633789063
1,2023,36109,91,41,42,1,3,3572.341552734375,181309
1,2023,36109,91,32,41,1,3,18290.40625,2160710
1,2023,36109,91,32,30,1,3,76935.921875,17551200
1,2023,36109,91,31,41,1,3,21258.966796875,2811100
1,2023,36109,91,31,30,1,3,911853.125,200090000
1,2023,36109,91,21,20,1,3,464717.5625,135276000
1,2023,36109,91,11,10,1,3,14877.7900390625,2929590
1,2023,36109,91,32,30,5,2,0,0
1,2023,36109,91,31,30,5,2,0,0
1,2023,36109,91,21,20,5,2,0,0
1,2023,36109,91,61,47,3,2,0,0
1,2023,36109,91,54,47,3,2,0,0
1,2023,36109,91,53,47,3,2,0,0
1,2023,36109,91,52,47,3,2,0,0
1,2023,36109,91,51,47,3,2,0,0
1,2023,36109,91,43,47,3,2,0,0
1,2023,36109,91,42,48,3,2,0,0
1,2023,36109,91,41,47,3,2,0,0
1,2023,36109,91,62,49,2,2,0,0
1,2023,36109,91,62,47,2,2,0,0
1,2023,36109,91,62,46,2,2,0,0
1,2023,36109,91,61,49,2,2,0,0
1,2023,36109,91,61,47,2,2,0,0
1,2023,36109,91,61,46,2,2,0,0
1,2023,36109,91,54,47,2,2,0,0
1,2023,36109,91,54,46,2,2,0,0
1,2023,36109,91,54,42,2,2,0,0
1,2023,36109,91,53,47,2,2,0,0
1,2023,36109,91,53,46,2,2,0,0
1,2023,36109,91,53,42,2,2,0,0
1,2023,36109,91,53,41,2,2,0,0
1,2023,36109,91,52,47,2,2,0,0
1,2023,36109,91,52,46,2,2,0,0
1,2023,36109,91,52,42,2,2,0,0
1,2023,36109,91,52,41,2,2,0,0
1,2023,36109,91,51,47,2,2,0,0
1,2023,36109,91,51,46,2,2,0,0
1,2023,36109,91,51,42,2,2,0,0
1,2023,36109,91,43,47,2,2,0,0
1,2023,36109,91,43,46,2,2,0,0
1,2023,36109,91,43,42,2,2,0,0
1,2023,36109,91,43,41,2,2,0,0
1,2023,36109,91,42,48,2,2,0,0
1,2023,36109,91,42,46,2,2,0,0
1,2023,36109,91,42,42,2,2,0,0
1,2023,36109,91,41,47,2,2,0,0
1,2023,36109,91,41,46,2,2,0,0
1,2023,36109,91,41,42,2,2,0,0
1,2023,36109,91,32,41,2,2,0,0
1,2023,36109,91,32,30,2,2,0,0
1,2023,36109,91,31,41,2,2,0,0
1,2023,36109,91,31,30,2,2,0,0
1,2023,36109,91,21,20,2,2,0,0
1,2023,36109,91,61,47,1,2,0,0
1,2023,36109,91,61,46,1,2,0,0
1,2023,36109,91,54,47,1,2,0,0
1,2023,36109,91,54,46,1,2,0,0
1,2023,36109,91,54,42,1,2,0,0
1,2023,36109,91,53,47,1,2,0,0
1,2023,36109,91,53,46,1,2,0,0
1,2023,36109,91,53,42,1,2,0,0
1,2023,36109,91,53,41,1,2,0,0
1,2023,36109,91,52,47,1,2,0,0
1,2023,36109,91,52,46,1,2,0,0
1,2023,36109,91,52,42,1,2,0,0
1,2023,36109,91,52,41,1,2,0,0
1,2023,36109,91,51,47,1,2,0,0
1,2023,36109,91,51,46,1,2,0,0
1,2023,36109,91,51,42,1,2,0,0
1,2023,36109,91,51,41,1,2,0,0
1,2023,36109,91,43,47,1,2,0,0
1,2023,36109,91,43,46,1,2,0,0
1,2023,36109,91,43,42,1,2,0,0
1,2023,36109,91,43,41,1,2,0,0
1,2023,36109,91,42,47,1,2,0,0
1,2023,36109,91,42,46,1,2,0,0
1,2023,36109,91,42,42,1,2,0,0
1,2023,36109,91,41,47,1,2,0,0
1,2023,36109,91,41,46,1,2,0,0
1,2023,36109,91,41,42,1,2,0,0
1,2023,36109,91,32,41,1,2,0,0
1,2023,36109,91,32,30,1,2,0,0
1,2023,36109,91,31,41,1,2,0,0
1,2023,36109,91,31,30,1,2,0,0
1,2023,36109,91,21,20,1,2,0,0
1,2023,36109,91,11,10,1,2,0,0
1,2023,36109,90,32,30,5,5,23.167715072631836,52436.19921875
1,2023,36109,90,31,30,5,5,142.43515014648438,328690
1,2023,36109,90,21,20,5,5,28.03717613220215,80295.3984375
1,2023,36109,90,61,47,3,5,121.33580780029297,70080.296875
1,2023,36109,90,54,47,3,5,0.0017585500609129667,0.8690900206565857
1,2023,36109,90,53,47,3,5,9.680155754089355,6360.68017578125
1,2023,36109,90,52,47,3,5,150.55807495117188,87907.5
1,2023,36109,90,51,47,3,5,24.94078254699707,14205.2998046875
1,2023,36109,90,43,47,3,5,8.202617645263672,5148.8701171875
1,2023,36109,90,42,48,3,5,33.327606201171875,18668.900390625
1,2023,36109,90,41,47,3,5,100.99485778808594,56990
1,2023,36109,90,62,49,2,5,395.4277038574219,190944
1,2023,36109,90,62,47,2,5,10565.267578125,5366860
1,2023,36109,90,62,46,2,5,5.913293361663818,2988.639892578125
1,2023,36109,90,61,49,2,5,159.5540313720703,78037
1,2023,36109,90,61,47,2,5,3211.330322265625,1669180
1,2023,36109,90,61,46,2,5,756.79180908203125,442518
1,2023,36109,90,54,47,2,5,87.753570556640625,46501.30078125
1,2023,36109,90,54,46,2,5,115.82975769042969,75647.5
1,2023,36109,90,54,42,2,5,4.194547653198242,3662.89990234375
1,2023,36109,90,53,47,2,5,150.61207580566406,93425.1015625
1,2023,36109,90,53,46,2,5,153.055908203125,120571
1,2023,36109,90,53,42,2,5,69.47779083251953,85492.796875
1,2023,36109,90,53,41,2,5,128.66397094726563,177371
1,2023,36109,90,52,47,2,5,2408.7373046875,1317720
1,2023,36109,90,52,46,2,5,2403.677978515625,1702420
1,2023,36109,90,52,42,2,5,1088.5543212890625,1231360
1,2023,36109,90,52,41,2,5,1935.867919921875,2497910
1,2023,36109,90,51,47,2,5,107.9115219116211,56018.30078125
1,2023,36109,90,51,46,2,5,25.888771057128906,14775.7998046875
1,2023,36109,90,51,42,2,5,0.038470663130283356,27.326400756835938
1,2023,36109,90,43,47,2,5,33.304019927978516,20177.900390625
1,2023,36109,90,43,46,2,5,558.20489501953125,375995
1,2023,36109,90,43,42,2,5,7.776342868804932,6357.4599609375
1,2023,36109,90,43,41,2,5,0.12115722894668579,104.88899993896484
1,2023,36109,90,42,48,2,5,388.50189208984375,205251
1,2023,36109,90,42,46,2,5,19.92251205444336,11307.2001953125
1,2023,36109,90,42,42,2,5,22.59286117553711,14677.099609375
1,2023,36109,90,41,47,2,5,1178.2603759765625,631340
1,2023,36109,90,41,46,2,5,61.989463806152344,35766.5
1,2023,36109,90,41,42,2,5,72.18617248535156,46970.19921875
1,2023,36109,90,32,41,2,5,565.33026123046875,811791
1,2023,36109,90,32,30,2,5,57.00150680541992,131418
1,2023,36109,90,31,41,2,5,2649.945068359375,4060260
1,2023,36109,90,31,30,2,5,816.85009765625,2042430
1,2023,36109,90,21,20,2,5,339.6827087402344,940584
1,2023,36109,90,61,47,1,5,0.008296942338347435,4.126150131225586
1,2023,36109,90,61,46,1,5,0.01815914362668991,10.616299629211426
1,2023,36109,90,54,47,1,5,1.4425946474075317,625.531005859375
1,2023,36109,90,54,46,1,5,161.75314331054688,97736.796875
1,2023,36109,90,54,42,1,5,109.2281265258789,98592.203125
1,2023,36109,90,53,47,1,5,9.83303451538086,4866.68994140625
1,2023,36109,90,53,46,1,5,17.599281311035156,11693.7001953125
1,2023,36109,90,53,42,1,5,57.02851104736328,50818.30078125
1,2023,36109,90,53,41,1,5,62.93414306640625,62922.5
1,2023,36109,90,52,47,1,5,153.09889221191406,67224.296875
1,2023,36109,90,52,46,1,5,271.90380859375,161829
1,2023,36109,90,52,42,1,5,866.76715087890625,712152
1,2023,36109,90,52,41,1,5,944.9486083984375,887415
1,2023,36109,90,51,47,1,5,0.01010778546333313,5.261250019073486
1,2023,36109,90,51,46,1,5,0.07088103890419006,37.75170135498047
1,2023,36109,90,51,42,1,5,0.37087923288345337,301.26800537109375
1,2023,36109,90,51,41,1,5,0.01128645520657301,9.74468994140625
1,2023,36109,90,43,47,1,5,0.04271908104419708,26.06100082397461
1,2023,36109,90,43,46,1,5,2.6981160640716553,1699.5400390625
1,2023,36109,90,43,42,1,5,5.608923435211182,3813.27001953125
1,2023,36109,90,43,41,1,5,0.005868870299309492,6.1145100593566895
1,2023,36109,90,42,47,1,5,0.012405520305037498,6.6929402351379395
1,2023,36109,90,42,46,1,5,0.05864780396223068,35.62919998168945
1,2023,36109,90,42,42,1,5,75.120849609375,42057.6015625
1,2023,36109,90,41,47,1,5,0.04180978238582611,22.60610008239746
1,2023,36109,90,41,46,1,5,0.1841036081314087,109.677001953125
1,2023,36109,90,41,42,1,5,211.16204833984375,121930
1,2023,36109,90,32,41,1,5,1583.9991455078125,1797600
1,2023,36109,90,32,30,1,5,6344.23095703125,14601700
1,2023,36109,90,31,41,1,5,1453.72802734375,1830060
1,2023,36109,90,31,30,1,5,57855.578125,130261000
1,2023,36109,90,21,20,1,5,43201.671875,124582000
1,2023,36109,90,11,10,1,5,858.02362060546875,2054210
1,2023,36109,90,32,30,5,4,3.649653196334839,10080.599609375
1,2023,36109,90,31,30,5,4,21.02724838256836,56252.69921875
1,2023,36109,90,21,20,5,4,4.213066577911377,14664.5
1,2023,36109,90,61,47,3,4,30.90450668334961,21481.400390625
1,2023,36109,90,54,47,3,4,2.2988260025158525e-4,0.17065200209617615
1,2023,36109,90,53,47,3,4,1.4060089588165283,1263.0699462890625
1,2023,36109,90,52,47,3,4,21.643991470336914,19138.900390625
1,2023,36109,90,51,47,3,4,4.619036674499512,3260.75
1,2023,36109,90,43,47,3,4,1.0020978450775146,893.9229736328125
1,2023,36109,90,42,48,3,4,5.536159515380859,4006.6298828125
1,2023,36109,90,41,47,3,4,14.631638526916504,10135.2001953125
1,2023,36109,90,62,49,2,4,169.08021545410156,95242
1,2023,36109,90,62,47,2,4,4626.4111328125,2676960
1,2023,36109,90,62,46,2,4,2.7591841220855713,1490.719970703125
1,2023,36109,90,61,49,2,4,41.71674728393555,23920.30078125
1,2023,36109,90,61,47,2,4,859.67047119140625,511647
1,2023,36109,90,61,46,2,4,225.2903594970703,135643
1,2023,36109,90,54,47,2,4,12.10425853729248,9130.8798828125
1,2023,36109,90,54,46,2,4,17.121097564697266,14854
1,2023,36109,90,54,42,2,4,0.7456848621368408,719.23797607421875
1,2023,36109,90,53,47,2,4,22.106521606445313,18551.900390625
1,2023,36109,90,53,46,2,4,24.759122848510742,23942.30078125
1,2023,36109,90,53,42,2,4,12.995367050170898,16976.69921875
1,2023,36109,90,53,41,2,4,25.159151077270508,35221.5
1,2023,36109,90,52,47,2,4,351.49176025390625,286891
1,2023,36109,90,52,46,2,4,399.5128479003906,370645
1,2023,36109,90,52,42,2,4,222.2843475341797,268088
1,2023,36109,90,52,41,2,4,423.25885009765625,543837
1,2023,36109,90,51,47,2,4,21.42308807373047,12858.7001953125
1,2023,36109,90,51,46,2,4,5.6260199546813965,3391.719970703125
1,2023,36109,90,51,42,2,4,0.007648066617548466,6.272640228271484
1,2023,36109,90,43,47,2,4,4.25767707824707,3503.18994140625
1,2023,36109,90,43,46,2,4,76.648773193359375,65278.3984375
1,2023,36109,90,43,42,2,4,1.1944974660873413,1103.75
1,2023,36109,90,43,41,2,4,0.01870974712073803,18.21030044555664
1,2023,36109,90,42,48,2,4,69.393798828125,44049.80078125
1,2023,36109,90,42,46,2,4,3.815617322921753,2426.679931640625
1,2023,36109,90,42,42,2,4,4.466454982757568,3149.909912109375
1,2023,36109,90,41,47,2,4,183.7244110107422,112279
1,2023,36109,90,41,46,2,4,10.402379035949707,6360.7900390625
1,2023,36109,90,41,42,2,4,11.948391914367676,8353.26953125
1,2023,36109,90,32,41,2,4,87.45218658447266,156063
1,2023,36109,90,32,30,2,4,9.042842864990234,25264.5
1,2023,36109,90,31,41,2,4,367.4895935058594,694881
1,2023,36109,90,31,30,2,4,120.84086608886719,349546
1,2023,36109,90,21,20,2,4,51.16267395019531,171780
1,2023,36109,90,61,47,1,4,0.0021266008261591196,1.2647700309753418
1,2023,36109,90,61,46,1,4,0.005013300571590662,3.254159927368164
1,2023,36109,90,54,47,1,4,0.19813492894172668,122.8280029296875
1,2023,36109,90,54,46,1,4,23.711376190185547,19191.400390625
1,2023,36109,90,54,42,1,4,19.005939483642578,19359.30078125
1,2023,36109,90,53,47,1,4,1.4561972618103027,966.4019775390625
1,2023,36109,90,53,46,1,4,2.7333128452301025,2322.080078125
1,2023,36109,90,53,42,1,4,9.667765617370605,10091.2001953125
1,2023,36109,90,53,41,1,4,11.04758358001709,12494.7998046875
1,2023,36109,90,52,47,1,4,22.51966667175293,14635.900390625
1,2023,36109,90,52,46,1,4,42.826114654541016,35232.8984375
1,2023,36109,90,52,42,1,4,154.63441467285156,155047
1,2023,36109,90,52,41,1,4,177.58343505859375,193205
1,2023,36109,90,51,47,1,4,0.0018718456849455833,1.2076900005340576
1,2023,36109,90,51,46,1,4,0.014631086960434914,8.665719985961914
1,2023,36109,90,51,42,1,4,0.0743178203701973,69.15470123291016
1,2023,36109,90,51,41,1,4,0.0022789512295275927,2.2368500232696533
1,2023,36109,90,43,47,1,4,0.005234666634351015,4.524590015411377
1,2023,36109,90,43,46,1,4,0.35364457964897156,295.06500244140625
1,2023,36109,90,43,42,1,4,0.8014993071556091,662.0419921875
1,2023,36109,90,43,41,1,4,8.911899640224874e-4,1.0615700483322144
1,2023,36109,90,42,47,1,4,0.002066635061055422,1.436400055885315
1,2023,36109,90,42,46,1,4,0.010423741303384304,7.646550178527832
1,2023,36109,90,42,42,1,4,14.958473205566406,9026.169921875
1,2023,36109,90,41,47,1,4,0.006101424805819988,4.020309925079346
1,2023,36109,90,41,46,1,4,0.02816140651702881,19.505199432373047
1,2023,36109,90,41,42,1,4,36.67179870605469,21684.19921875
1,2023,36109,90,32,41,1,4,233.00985717773438,345581
1,2023,36109,90,32,30,1,4,998.93756103515625,2807100
1,2023,36109,90,31,41,1,4,191.58169555664063,313200
1,2023,36109,90,31,30,1,4,8534.390625,22293200
1,2023,36109,90,21,20,1,4,6488.423828125,22752700
1,2023,36109,90,11,10,1,4,127.17034149169922,288291
1,2023,36109,90,32,30,5,3,23.490251541137695,63028.19921875
1,2023,36109,90,31,30,5,3,187.74124145507813,504891
1,2023,36109,90,21,20,5,3,25.216251373291016,87187.5
1,2023,36109,90,61,47,3,3,317.4028015136719,217009
1,2023,36109,90,54,47,3,3,0.0026352182030677795,1.8062399625778198
1,2023,36109,90,53,47,3,3,14.142763137817383,12216.7001953125
1,2023,36109,90,52,47,3,3,219.77549743652344,179811
1,2023,36109,90,51,47,3,3,41.066383361816406,28338.69921875
1,2023,36109,90,43,47,3,3,11.52708911895752,9657.8896484375
1,2023,36109,90,42,48,3,3,38.90596389770508,27116.80078125
1,2023,36109,90,41,47,3,3,124.40904998779297,84744.1015625
1,2023,36109,90,62,49,2,3,1211.3077392578125,673634
1,2023,36109,90,62,47,2,3,33085.65234375,18933800
1,2023,36109,90,62,46,2,3,19.476076126098633,10543.7001953125
1,2023,36109,90,61,49,2,3,426.4886169433594,241648
1,2023,36109,90,61,47,2,3,8776.5576171875,5168750
1,2023,36109,90,61,46,2,3,2266.41796875,1370290
1,2023,36109,90,54,47,2,3,136.97540283203125,96644.296875
1,2023,36109,90,54,46,2,3,188.5955352783203,157219
1,2023,36109,90,54,42,2,3,7.9723005294799805,7612.66015625
1,2023,36109,90,53,47,2,3,222.1443634033203,179437
1,2023,36109,90,53,46,2,3,244.59625244140625,231574
1,2023,36109,90,53,42,2,3,125.948974609375,164202
1,2023,36109,90,53,41,2,3,242.43792724609375,340669
1,2023,36109,90,52,47,2,3,3574.056884765625,2695350
1,2023,36109,90,52,46,2,3,3893.760009765625,3482230
1,2023,36109,90,52,42,2,3,2065.268310546875,2518700
1,2023,36109,90,52,41,2,3,3867.304443359375,5109370
1,2023,36109,90,51,47,2,3,187.51968383789063,111753
1,2023,36109,90,51,46,2,3,48.05702209472656,29476.900390625
1,2023,36109,90,51,42,2,3,0.069703109562397,54.51449966430664
1,2023,36109,90,43,47,2,3,48.397193908691406,37848.30078125
1,2023,36109,90,43,46,2,3,857.2586669921875,705264
1,2023,36109,90,43,42,2,3,13.094905853271484,11924.900390625
1,2023,36109,90,43,41,2,3,0.20688177645206451,196.7429962158203
1,2023,36109,90,42,48,2,3,479.44805908203125,298128
1,2023,36109,90,42,46,2,3,25.96604347229004,16423.69921875
1,2023,36109,90,42,42,2,3,30.58880615234375,21318.599609375
1,2023,36109,90,41,47,2,3,1535.828125,938802
1,2023,36109,90,41,46,2,3,85.43518829345703,53184.80078125
1,2023,36109,90,41,42,2,3,100.76160430908203,69844.703125
1,2023,36109,90,32,41,2,3,569.84527587890625,975771
1,2023,36109,90,32,30,2,3,58.183292388916016,157964
1,2023,36109,90,31,41,2,3,3370.10693359375,6236850
1,2023,36109,90,31,30,2,3,1079.33349609375,3137320
1,2023,36109,90,21,20,2,3,306.1548156738281,1021320
1,2023,36109,90,61,47,1,3,0.021831493824720383,12.776900291442871
1,2023,36109,90,61,46,1,3,0.05090627446770668,32.87419891357422
1,2023,36109,90,54,47,1,3,2.250720977783203,1300.050048828125
1,2023,36109,90,54,46,1,3,262.4955749511719,203128
1,2023,36109,90,54,42,1,3,201.82986450195313,204906
1,2023,36109,90,53,47,1,3,14.610804557800293,9347.2197265625
1,2023,36109,90,53,46,1,3,27.191923141479492,22459.599609375
1,2023,36109,90,53,42,1,3,94.94140625,97604.3984375
1,2023,36109,90,53,41,1,3,108.05317687988281,120852
1,2023,36109,90,52,47,1,3,228.8541259765625,137505
1,2023,36109,90,52,46,1,3,424.20794677734375,331014
1,2023,36109,90,52,42,1,3,1478.25439453125,1456680
1,2023,36109,90,52,41,1,3,1677.905029296875,1815170
1,2023,36109,90,51,47,1,3,0.0166790708899498,10.49590015411377
1,2023,36109,90,51,46,1,3,0.1261429786682129,75.3124008178711
1,2023,36109,90,51,42,1,3,0.6762921810150146,601.01397705078125
1,2023,36109,90,51,41,1,3,0.020811745896935463,19.440099716186523
1,2023,36109,90,43,47,1,3,0.060245830565690994,48.883399963378906
1,2023,36109,90,43,46,1,3,3.9932327270507813,3187.8701171875
1,2023,36109,90,43,42,1,3,8.863871574401855,7152.66015625
1,2023,36109,90,43,41,1,3,0.009879485704004765,11.469200134277344
1,2023,36109,90,42,47,1,3,0.014497596770524979,9.721540451049805
1,2023,36109,90,42,46,1,3,0.07174821943044662,51.75170135498047
1,2023,36109,90,42,42,1,3,100.47787475585938,61089
1,2023,36109,90,41,47,1,3,0.05183585360646248,33.61520004272461
1,2023,36109,90,41,46,1,3,0.2364622950553894,163.08999633789063
1,2023,36109,90,41,42,1,3,298.5797424316406,181309
1,2023,36109,90,32,41,1,3,1528.7293701171875,2160710
1,2023,36109,90,32,30,1,3,6430.37646484375,17551200
1,2023,36109,90,31,41,1,3,1776.8375244140625,2811100
1,2023,36109,90,31,30,1,3,76213.578125,200090000
1,2023,36109,90,21,20,1,3,38841.58984375,135276000
1,2023,36109,90,11,10,1,3,1243.4952392578125,2929590
1,2023,36109,90,32,30,5,2,0,0
1,2023,36109,90,31,30,5,2,0,0
1,2023,36109,90,21,20,5,2,0,0
1,2023,36109,90,61,47,3,2,0,0
1,2023,36109,90,54,47,3,2,0,0
1,2023,36109,90,53,47,3,2,0,0
1,2023,36109,90,52,47,3,2,0,0
1,2023,36109,90,51,47,3,2,0,0
1,2023,36109,90,43,47,3,2,0,0
1,2023,36109,90,42,48,3,2,0,0
1,2023,36109,90,41,47,3,2,0,0
1,2023,36109,90,62,49,2,2,0,0
1,2023,36109,90,62,47,2,2,0,0
1,2023,36109,90,62,46,2,2,0,0
1,2023,36109,90,61,49,2,2,0,0
1,2023,36109,90,61,47,2,2,0,0
1,2023,36109,90,61,46,2,2,0,0
1,2023,36109,90,54,47,2,2,0,0
1,2023,36109,90,54,46,2,2,0,0
1,2023,36109,90,54,42,2,2,0,0
1,2023,36109,90,53,47,2,2,0,0
1,2023,36109,90,53,46,2,2,0,0
1,2023,36109,90,53,42,2,2,0,0
1,2023,36109,90,53,41,2,2,0,0
1,2023,36109,90,52,47,2,2,0,0
1,2023,36109,90,52,46,2,2,0,0
1,2023,36109,90,52,42,2,2,0,0
1,2023,36109,90,52,41,2,2,0,0
1,2023,36109,90,51,47,2,2,0,0
1,2023,36109,90,51,46,2,2,0,0
1,2023,36109,90,51,42,2,2,0,0
1,2023,36109,90,43,47,2,2,0,0
1,2023,36109,90,43,46,2,2,0,0
1,2023,36109,90,43,42,2,2,0,0
1,2023,36109,90,43,41,2,2,0,0
1,2023,36109,90,42,48,2,2,0,0
1,2023,36109,90,42,46,2,2,0,0
1,2023,36109,90,42,42,2,2,0,0
1,2023,36109,90,41,47,2,2,0,0
1,2023,36109,90,41,46,2,2,0,0
1,2023,36109,90,41,42,2,2,0,0
1,2023,36109,90,32,41,2,2,0,0
1,2023,36109,90,32,30,2,2,0,0
1,2023,36109,90,31,41,2,2,0,0
1,2023,36109,90,31,30,2,2,0,0
1,2023,36109,90,21,20,2,2,0,0
1,2023,36109,90,61,47,1,2,0,0
1,2023,36109,90,61,46,1,2,0,0
1,2023,36109,90,54,47,1,2,0,0
1,2023,36109,90,54,46,1,2,0,0
1,2023,36109,90,54,42,1,2,0,0
1,2023,36109,90,53,47,1,2,0,0
1,2023,36109,90,53,46,1,2,0,0
1,2023,36109,90,53,42,1,2,0,0
1,2023,36109,90,53,41,1,2,0,0
1,2023,36109,90,52,47,1,2,0,0
1,2023,36109,90,52,46,1,2,0,0
1,2023,36109,90,52,42,1,2,0,0
1,2023,36109,90,52,41,1,2,0,0
1,2023,36109,90,51,47,1,2,0,0
1,2023,36109,90,51,46,1,2,0,0
1,2023,36109,90,51,42,1,2,0,0
1,2023,36109,90,51,41,1,2,0,0
1,2023,36109,90,43,47,1,2,0,0
1,2023,36109,90,43,46,1,2,0,0
1,2023,36109,90,43,42,1,2,0,0
1,2023,36109,90,43,41,1,2,0,0
1,2023,36109,90,42,47,1,2,0,0
1,2023,36109,90,42,46,1,2,0,0
1,2023,36109,90,42,42,1,2,0,0
1,2023,36109,90,41,47,1,2,0,0
1,2023,36109,90,41,46,1,2,0,0
1,2023,36109,90,41,42,1,2,0,0
1,2023,36109,90,32,41,1,2,0,0
1,2023,36109,90,32,30,1,2,0,0
1,2023,36109,90,31,41,1,2,0,0
1,2023,36109,90,31,30,1,2,0,0
1,2023,36109,90,21,20,1,2,0,0
1,2023,36109,90,11,10,1,2,0,0
1,2023,36109,6,32,30,5,5,1.0800886229844764e-4,52436.19921875
1,2023,36109,6,31,30,5,5,6.942488253116608e-4,328690
1,2023,36109,6,21,20,5,5,1.3388892693910748e-4,80295.3984375
1,2023,36109,6,61,47,3,5,0.004420730751007795,70080.296875
1,2023,36109,6,54,47,3,5,6.348728476268661e-8,0.8690900206565857
1,2023,36109,6,53,47,3,5,3.9852297049947083e-4,6360.68017578125
1,2023,36109,6,52,47,3,5,0.006430024281144142,87907.5
1,2023,36109,6,51,47,3,5,0.0010376981226727366,14205.2998046875
1,2023,36109,6,43,47,3,5,3.761273401323706e-4,5148.8701171875
1,2023,36109,6,42,48,3,5,0.0013637683587148786,18668.900390625
1,2023,36109,6,41,47,3,5,0.004163132049143314,56990
1,2023,36109,6,62,49,2,5,5.916181253269315e-4,190944
1,2023,36109,6,62,47,2,5,0.016627483069896698,5366860
1,2023,36109,6,62,46,2,5,9.196261999022681e-6,2988.639892578125
1,2023,36109,6,61,49,2,5,2.4262860824819654e-4,78037
1,2023,36109,6,61,47,2,5,0.005189284682273865,1669180
1,2023,36109,6,61,46,2,5,0.0013757835840806365,442518
1,2023,36109,6,54,47,2,5,1.6741131548769772e-4,46501.30078125
1,2023,36109,6,54,46,2,5,2.7211543056182563e-4,75647.5
1,2023,36109,6,54,42,2,5,1.3117723938194104e-5,3662.89990234375
1,2023,36109,6,53,47,2,5,2.884726272895932e-4,93425.1015625
1,2023,36109,6,53,46,2,5,3.722956753335893e-4,120571
1,2023,36109,6,53,42,2,5,2.640068414621055e-4,85492.796875
1,2023,36109,6,53,41,2,5,5.474837962538004e-4,177371
1,2023,36109,6,52,47,2,5,0.00475013442337513,1317720
1,2023,36109,6,52,46,2,5,0.00613713962957263,1702420
1,2023,36109,6,52,42,2,5,0.004439018201082945,1231360
1,2023,36109,6,52,41,2,5,0.009004957042634487,2497910
1,2023,36109,6,51,47,2,5,2.016755606746301e-4,56018.30078125
1,2023,36109,6,51,46,2,5,5.319776028045453e-5,14775.7998046875
1,2023,36109,6,51,42,2,5,9.609960471834711e-8,27.326400756835938
1,2023,36109,6,43,47,2,5,7.263812585733831e-5,20177.900390625
1,2023,36109,6,43,46,2,5,0.0013535169418901205,375995
1,2023,36109,6,43,42,2,5,2.288816904183477e-5,6357.4599609375
1,2023,36109,6,43,41,2,5,3.746414165561873e-7,104.88899993896484
1,2023,36109,6,42,48,2,5,7.390004466287792e-4,205251
1,2023,36109,6,42,46,2,5,4.0711438487051055e-5,11307.2001953125
1,2023,36109,6,42,42,2,5,5.284513099468313e-5,14677.099609375
1,2023,36109,6,41,47,2,5,0.0022721390705555677,631340
1,2023,36109,6,41,46,2,5,1.2874994718004018e-4,35766.5
1,2023,36109,6,41,42,2,5,1.6910445992834866e-4,46970.19921875
1,2023,36109,6,32,41,2,5,0.0029213230591267347,811791
1,2023,36109,6,32,30,2,5,1.4374469174072146e-4,131418
1,2023,36109,6,31,41,2,5,0.014197878539562225,4060260
1,2023,36109,6,31,30,2,5,0.0021771087776869535,2042430
1,2023,36109,6,21,20,2,5,6.786357262171805e-4,940584
1,2023,36109,6,61,47,1,5,7.788831624111481e-8,4.126150131225586
1,2023,36109,6,61,46,1,5,3.247959909913334e-7,10.616299629211426
1,2023,36109,6,54,47,1,5,3.6597725738829467e-6,625.531005859375
1,2023,36109,6,54,46,1,5,0.001543467165902257,97736.796875
1,2023,36109,6,54,42,1,5,0.002964610932394862,98592.203125
1,2023,36109,6,53,47,1,5,2.5348306735395454e-5,4866.68994140625
1,2023,36109,6,53,46,1,5,7.998800720088184e-5,11693.7001953125
1,2023,36109,6,53,42,1,5,3.5562104312703013e-4,50818.30078125
1,2023,36109,6,53,41,1,5,5.088797770440578e-4,62922.5
1,2023,36109,6,52,47,1,5,4.142893594689667e-4,67224.296875
1,2023,36109,6,52,46,1,5,0.0012765094870701432,161829
1,2023,36109,6,52,42,1,5,0.006018310785293579,712152
1,2023,36109,6,52,41,1,5,0.008035165257751942,887415
1,2023,36109,6,51,47,1,5,1.1287777113011543e-7,5.261250019073486
1,2023,36109,6,51,46,1,5,8.360623269254575e-7,37.75170135498047
1,2023,36109,6,51,42,1,5,2.053484604402911e-5,301.26800537109375
1,2023,36109,6,51,41,1,5,5.214461111791024e-7,9.74468994140625
1,2023,36109,6,43,47,1,5,1.0773075018732925e-6,26.06100082397461
1,2023,36109,6,43,46,1,5,4.272260775906034e-5,1699.5400390625
1,2023,36109,6,43,42,1,5,3.327205195091665e-5,3813.27001953125
1,2023,36109,6,43,41,1,5,2.5275997472817835e-7,6.1145100593566895
1,2023,36109,6,42,47,1,5,1.4359366673488694e-7,6.6929402351379395
1,2023,36109,6,42,46,1,5,7.644120501026919e-7,35.62919998168945
1,2023,36109,6,42,42,1,5,3.6817305954173207e-4,42057.6015625
1,2023,36109,6,41,47,1,5,4.850026016356423e-7,22.60610008239746
1,2023,36109,6,41,46,1,5,2.353081754336017e-6,109.677001953125
1,2023,36109,6,41,42,1,5,0.0011254597920924425,121930
1,2023,36109,6,32,41,1,5,0.025729596614837646,1797600
1,2023,36109,6,32,30,1,5,0.04203376919031143,14601700
1,2023,36109,6,31,41,1,5,0.03785843774676323,1830060
1,2023,36109,6,31,30,1,5,0.42989256978034973,130261000
1,2023,36109,6,21,20,1,5,0.27166789770126343,124582000
1,2023,36109,6,11,10,1,5,0.007506838534027338,2054210
1,2023,36109,6,32,30,5,4,9.66413881542394e-6,10080.599609375
1,2023,36109,6,31,30,5,4,5.628070357488468e-5,56252.69921875
1,2023,36109,6,21,20,5,4,1.1602156519074924e-5,14664.5
1,2023,36109,6,61,47,3,4,7.386102806776762e-4,21481.400390625
1,2023,36109,6,54,47,3,4,5.802070379701263e-9,0.17065200209617615
1,2023,36109,6,53,47,3,4,4.409046232467517e-5,1263.0699462890625
1,2023,36109,6,52,47,3,4,6.527919904328883e-4,19138.900390625
1,2023,36109,6,51,47,3,4,1.1086274025728926e-4,3260.75
1,2023,36109,6,43,47,3,4,3.039281364181079e-5,893.9229736328125
1,2023,36109,6,42,48,3,4,1.3622251572087407e-4,4006.6298828125
1,2023,36109,6,41,47,3,4,3.445901966188103e-4,10135.2001953125
1,2023,36109,6,62,49,2,4,1.6160433006007224e-4,95242
1,2023,36109,6,62,47,2,4,0.004541907925158739,2676960
1,2023,36109,6,62,46,2,4,2.5120129976130556e-6,1490.719970703125
1,2023,36109,6,61,49,2,4,4.053815791849047e-5,23920.30078125
1,2023,36109,6,61,47,2,4,8.670184761285782e-4,511647
1,2023,36109,6,61,46,2,4,2.298638573847711e-4,135643
1,2023,36109,6,54,47,2,4,1.529963810753543e-5,9130.8798828125
1,2023,36109,6,54,46,2,4,2.4868471882655285e-5,14854
1,2023,36109,6,54,42,2,4,1.1988186088274233e-6,719.23797607421875
1,2023,36109,6,53,47,2,4,3.191510768374428e-5,18551.900390625
1,2023,36109,6,53,46,2,4,4.118884680792689e-5,23942.30078125
1,2023,36109,6,53,42,2,4,2.9208269552327693e-5,16976.69921875
1,2023,36109,6,53,41,2,4,6.0570677305804566e-5,35221.5
1,2023,36109,6,52,47,2,4,4.82245726743713e-4,286891
1,2023,36109,6,52,46,2,4,6.230582948774099e-4,370645
1,2023,36109,6,52,42,2,4,4.5066120219416916e-4,268088
1,2023,36109,6,52,41,2,4,9.14206204470247e-4,543837
1,2023,36109,6,51,47,2,4,2.1546105926972814e-5,12858.7001953125
1,2023,36109,6,51,46,2,4,5.683406470780028e-6,3391.719970703125
1,2023,36109,6,51,42,2,4,1.0266783867507456e-8,6.272640228271484
1,2023,36109,6,43,47,2,4,5.869498636457138e-6,3503.18994140625
1,2023,36109,6,43,46,2,4,1.0936999751720577e-4,65278.3984375
1,2023,36109,6,43,42,2,4,1.849468731052184e-6,1103.75
1,2023,36109,6,43,41,2,4,3.027266259891803e-8,18.21030044555664
1,2023,36109,6,42,48,2,4,7.381626346614212e-5,44049.80078125
1,2023,36109,6,42,46,2,4,4.0665254346095026e-6,2426.679931640625
1,2023,36109,6,42,42,2,4,5.278516255202703e-6,3149.909912109375
1,2023,36109,6,41,47,2,4,1.8806863226927817e-4,112279
1,2023,36109,6,41,46,2,4,1.0656869562808424e-5,6360.7900390625
1,2023,36109,6,41,42,2,4,1.3997037058288697e-5,8353.26953125
1,2023,36109,6,32,41,2,4,2.6138665270991623e-4,156063
1,2023,36109,6,32,30,2,4,1.2861546565545723e-5,25264.5
1,2023,36109,6,31,41,2,4,0.0011509893229231238,694881
1,2023,36109,6,31,30,2,4,1.764921471476555e-4,349546
1,2023,36109,6,21,20,2,4,5.8807308960240334e-5,171780
1,2023,36109,6,61,47,1,4,1.3013444544185404e-8,1.2647700309753418
1,2023,36109,6,61,46,1,4,5.42666711567108e-8,3.254159927368164
1,2023,36109,6,54,47,1,4,3.344643744185305e-7,122.8280029296875
1,2023,36109,6,54,46,1,4,1.4105615264270455e-4,19191.400390625
1,2023,36109,6,54,42,1,4,2.7093375683762133e-4,19359.30078125
1,2023,36109,6,53,47,1,4,2.8044009923178237e-6,966.4019775390625
1,2023,36109,6,53,46,1,4,8.849453479342628e-6,2322.080078125
1,2023,36109,6,53,42,1,4,3.934402047889307e-5,10091.2001953125
1,2023,36109,6,53,41,1,4,5.6299664720427245e-5,12494.7998046875
1,2023,36109,6,52,47,1,4,4.2059786210302263e-05,14635.900390625
1,2023,36109,6,52,46,1,4,1.2959432206116617e-4,35232.8984375
1,2023,36109,6,52,42,1,4,6.109945243224502e-4,155047
1,2023,36109,6,52,41,1,4,8.157510892488062e-4,193205
1,2023,36109,6,51,47,1,4,1.2059395260166639e-8,1.2076900005340576
1,2023,36109,6,51,46,1,4,8.932104833547783e-8,8.665719985961914
1,2023,36109,6,51,42,1,4,2.193841737607727e-6,69.15470123291016
1,2023,36109,6,51,41,1,4,5.570893790718401e-8,2.2368500232696533
1,2023,36109,6,43,47,1,4,8.705139009634877e-8,4.524590015411377
1,2023,36109,6,43,46,1,4,3.45218518305046e-6,295.06500244140625
1,2023,36109,6,43,42,1,4,2.6885368242801633e-6,662.0419921875
1,2023,36109,6,43,41,1,4,2.0424174351774127e-8,1.0615700483322144
1,2023,36109,6,42,47,1,4,1.4343163101671053e-8,1.436400055885315
1,2023,36109,6,42,46,1,4,7.635456000798513e-8,7.646550178527832
1,2023,36109,6,42,42,1,4,3.6775527405552566e-5,9026.169921875
1,2023,36109,6,41,47,1,4,4.014463073076513e-8,4.020309925079346
1,2023,36109,6,41,46,1,4,1.9476846091492916e-7,19.505199432373047
1,2023,36109,6,41,42,1,4,9.315621718997136e-5,21684.19921875
1,2023,36109,6,32,41,1,4,0.0023021658416837454,345581
1,2023,36109,6,32,30,1,4,0.0037609864957630634,2807100
1,2023,36109,6,31,41,1,4,0.003069076919928193,313200
1,2023,36109,6,31,30,1,4,0.034850120544433594,22293200
1,2023,36109,6,21,20,1,4,0.023541510105133057,22752700
1,2023,36109,6,11,10,1,4,4.972062888555229e-4,288291
1,2023,36109,6,32,30,5,3,7.09690066287294e-5,63028.19921875
1,2023,36109,6,31,30,5,3,5.705772782675922e-4,504891
1,2023,36109,6,21,20,5,3,7.801476021995768e-5,87187.5
1,2023,36109,6,61,47,3,3,0.00806128978729248,217009
1,2023,36109,6,54,47,3,3,7.212808128542747e-8,1.8062399625778198
1,2023,36109,6,53,47,3,3,4.633146454580128e-4,12216.7001953125
1,2023,36109,6,52,47,3,3,0.007129340898245573,179811
1,2023,36109,6,51,47,3,3,0.0011316327145323157,28338.69921875
1,2023,36109,6,43,47,3,3,3.856656257994473e-4,9657.8896484375
1,2023,36109,6,42,48,3,3,0.0010828444501385093,27116.80078125
1,2023,36109,6,41,47,3,3,0.003384062321856618,84744.1015625
1,2023,36109,6,62,49,2,3,0.00124238186981529,673634
1,2023,36109,6,62,47,2,3,0.03491725027561188,18933800
1,2023,36109,6,62,46,2,3,1.9311830328661017e-5,10543.7001953125
1,2023,36109,6,61,49,2,3,4.4243904994800687e-4,241648
1,2023,36109,6,61,47,2,3,0.009462757036089897,5168750
1,2023,36109,6,61,46,2,3,0.0025087720714509487,1370290
1,2023,36109,6,54,47,2,3,1.9019607861991972e-4,96644.296875
1,2023,36109,6,54,46,2,3,3.091508988291025e-4,157219
1,2023,36109,6,54,42,2,3,1.4903137525834609e-5,7612.66015625
1,2023,36109,6,53,47,2,3,3.353715583216399e-4,179437
1,2023,36109,6,53,46,2,3,4.3282361002638936e-4,231574
1,2023,36109,6,53,42,2,3,3.0692864675074816e-4,164202
1,2023,36109,6,53,41,2,3,6.364932050928473e-4,340669
1,2023,36109,6,52,47,2,3,0.005266744177788496,2695350
1,2023,36109,6,52,46,2,3,0.0068046110682189465,3482230
1,2023,36109,6,52,42,2,3,0.004921808838844299,2518700
1,2023,36109,6,52,41,2,3,0.009984326548874378,5109370
1,2023,36109,6,51,47,2,3,2.1993202972225845e-4,111753
1,2023,36109,6,51,46,2,3,5.8013538364320993e-5,29476.900390625
1,2023,36109,6,51,42,2,3,1.0479848810973635e-7,54.51449966430664
1,2023,36109,6,43,47,2,3,7.448019459843636e-5,37848.30078125
1,2023,36109,6,43,46,2,3,0.0013878318713977933,705264
1,2023,36109,6,43,42,2,3,2.346864675928373e-5,11924.900390625
1,2023,36109,6,43,41,2,3,3.841422255845828e-7,196.7429962158203
1,2023,36109,6,42,48,2,3,5.867712898179889e-4,298128
1,2023,36109,6,42,46,2,3,3.232516610296443e-5,16423.69921875
1,2023,36109,6,42,42,2,3,4.195936708129011e-5,21318.599609375
1,2023,36109,6,41,47,2,3,0.0018469445640221238,938802
1,2023,36109,6,41,46,2,3,1.0465618106536567e-4,53184.80078125
1,2023,36109,6,41,42,2,3,1.3745820615440607e-4,69844.703125
1,2023,36109,6,32,41,2,3,0.0019195096101611853,975771
1,2023,36109,6,32,30,2,3,9.444954775972292e-5,157964
1,2023,36109,6,31,41,2,3,0.011668736115098,6236850
1,2023,36109,6,31,30,2,3,0.0017892825417220592,3137320
1,2023,36109,6,21,20,2,3,3.9542990271002054e-4,1021320
1,2023,36109,6,61,47,1,3,1.4203169484972022e-7,12.776900291442871
1,2023,36109,6,61,46,1,3,5.922751142861671e-7,32.87419891357422
1,2023,36109,6,54,47,1,3,4.157873718213523e-6,1300.050048828125
1,2023,36109,6,54,46,1,3,0.0017535346560180187,203128
1,2023,36109,6,54,42,1,3,0.0033681008499115705,204906
1,2023,36109,6,53,47,1,3,2.9469407309079543e-5,9347.2197265625
1,2023,36109,6,53,46,1,3,9.299240628024563e-5,22459.599609375
1,2023,36109,6,53,42,1,3,4.1343836346641183e-4,97604.3984375
1,2023,36109,6,53,41,1,3,5.916126538068056e-4,120852
1,2023,36109,6,52,47,1,3,4.593474150169641e-4,137505
1,2023,36109,6,52,46,1,3,0.0014153345255181193,331014
1,2023,36109,6,52,42,1,3,0.006672851741313934,1456680
1,2023,36109,6,52,41,1,3,0.008909055963158607,1815170
1,2023,36109,6,51,47,1,3,1.2309619989991916e-7,10.49590015411377
1,2023,36109,6,51,46,1,3,9.117480885834084e-7,75.3124008178711
1,2023,36109,6,51,42,1,3,2.2393673134502023e-5,601.01397705078125
1,2023,36109,6,51,41,1,3,5.68651500998385e-7,19.440099716186523
1,2023,36109,6,43,47,1,3,1.1046261079172837e-6,48.883399963378906
1,2023,36109,6,43,46,1,3,4.3806066969409585e-5,3187.8701171875
1,2023,36109,6,43,42,1,3,3.411587022128515e-5,7152.66015625
1,2023,36109,6,43,41,1,3,2.591710028809757e-7,11.469200134277344
1,2023,36109,6,42,47,1,3,1.1401425581425428e-7,9.721540451049805
1,2023,36109,6,42,46,1,3,6.06949129178247e-7,51.75170135498047
1,2023,36109,6,42,42,1,3,2.9233182431198657e-4,61089
1,2023,36109,6,41,47,1,3,3.942405157886242e-7,33.61520004272461
1,2023,36109,6,41,46,1,3,1.9127305677102413e-6,163.08999633789063
1,2023,36109,6,41,42,1,3,9.148444514721632e-4,181309
1,2023,36109,6,32,41,1,3,0.01690603792667389,2160710
1,2023,36109,6,32,30,1,3,0.027619067579507828,17551200
1,2023,36109,6,31,41,1,3,0.03111438825726509,2811100
1,2023,36109,6,31,30,1,3,0.35331279039382935,200090000
1,2023,36109,6,21,20,1,3,0.15829630196094513,135276000
1,2023,36109,6,11,10,1,3,0.0057359314523637295,2929590
1,2023,36109,6,32,30,5,2,0,0
1,2023,36109,6,31,30,5,2,0,0
1,2023,36109,6,21,20,5,2,0,0
1,2023,36109,6,61,47,3,2,0,0
1,2023,36109,6,54,47,3,2,0,0
1,2023,36109,6,53,47,3,2,0,0
1,2023,36109,6,52,47,3,2,0,0
1,2023,36109,6,51,47,3,2,0,0
1,2023,36109,6,43,47,3,2,0,0
1,2023,36109,6,42,48,3,2,0,0
1,2023,36109,6,41,47,3,2,0,0
1,2023,36109,6,62,49,2,2,0,0
1,2023,36109,6,62,47,2,2,0,0
1,2023,36109,6,62,46,2,2,0,0
1,2023,36109,6,61,49,2,2,0,0
1,2023,36109,6,61,47,2,2,0,0
1,2023,36109,6,61,46,2,2,0,0
1,2023,36109,6,54,47,2,2,0,0
1,2023,36109,6,54,46,2,2,0,0
1,2023,36109,6,54,42,2,2,0,0
1,2023,36109,6,53,47,2,2,0,0
1,2023,36109,6,53,46,2,2,0,0
1,2023,36109,6,53,42,2,2,0,0
1,2023,36109,6,53,41,2,2,0,0
1,2023,36109,6,52,47,2,2,0,0
1,2023,36109,6,52,46,2,2,0,0
1,2023,36109,6,52,42,2,2,0,0
1,2023,36109,6,52,41,2,2,0,0
1,2023,36109,6,51,47,2,2,0,0
1,2023,36109,6,51,46,2,2,0,0
1,2023,36109,6,51,42,2,2,0,0
1,2023,36109,6,43,47,2,2,0,0
1,2023,36109,6,43,46,2,2,0,0
1,2023,36109,6,43,42,2,2,0,0
1,2023,36109,6,43,41,2,2,0,0
1,2023,36109,6,42,48,2,2,0,0
1,2023,36109,6,42,46,2,2,0,0
1,2023,36109,6,42,42,2,2,0,0
1,2023,36109,6,41,47,2,2,0,0
1,2023,36109,6,41,46,2,2,0,0
1,2023,36109,6,41,42,2,2,0,0
1,2023,36109,6,32,41,2,2,0,0
1,2023,36109,6,32,30,2,2,0,0
1,2023,36109,6,31,41,2,2,0,0
1,2023,36109,6,31,30,2,2,0,0
1,2023,36109,6,21,20,2,2,0,0
1,2023,36109,6,61,47,1,2,0,0
1,2023,36109,6,61,46,1,2,0,0
1,2023,36109,6,54,47,1,2,0,0
1,2023,36109,6,54,46,1,2,0,0
1,2023,36109,6,54,42,1,2,0,0
1,2023,36109,6,53,47,1,2,0,0
1,2023,36109,6,53,46,1,2,0,0
1,2023,36109,6,53,42,1,2,0,0
1,2023,36109,6,53,41,1,2,0,0
1,2023,36109,6,52,47,1,2,0,0
1,2023,36109,6,52,46,1,2,0,0
1,2023,36109,6,52,42,1,2,0,0
1,2023,36109,6,52,41,1,2,0,0
1,2023,36109,6,51,47,1,2,0,0
1,2023,36109,6,51,46,1,2,0,0
1,2023,36109,6,51,42,1,2,0,0
1,2023,36109,6,51,41,1,2,0,0
1,2023,36109,6,43,47,1,2,0,0
1,2023,36109,6,43,46,1,2,0,0
1,2023,36109,6,43,42,1,2,0,0
1,2023,36109,6,43,41,1,2,0,0
1,2023,36109,6,42,47,1,2,0,0
1,2023,36109,6,42,46,1,2,0,0
1,2023,36109,6,42,42,1,2,0,0
1,2023,36109,6,41,47,1,2,0,0
1,2023,36109,6,41,46,1,2,0,0
1,2023,36109,6,41,42,1,2,0,0
1,2023,36109,6,32,41,1,2,0,0
1,2023,36109,6,32,30,1,2,0,0
1,2023,36109,6,31,41,1,2,0,0
1,2023,36109,6,31,30,1,2,0,0
1,2023,36109,6,21,20,1,2,0,0
1,2023,36109,6,11,10,1,2,0,0
1,2023,36109,5,32,30,5,5,9.294225601479411e-4,52436.19921875
1,2023,36109,5,31,30,5,5,0.005885790567845106,328690
1,2023,36109,5,21,20,5,5,0.0012962077744305134,80295.3984375
1,2023,36109,5,61,47,3,5,1.3305778503417969,70080.296875
1,2023,36109,5,54,47,3,5,1.9424598576733842e-5,0.8690900206565857
1,2023,36109,5,53,47,3,5,0.11973635107278824,6360.68017578125
1,2023,36109,5,52,47,3,5,1.991347312927246,87907.5
1,2023,36109,5,51,47,3,5,0.28732404112815857,14205.2998046875
1,2023,36109,5,43,47,3,5,0.12610550224781036,5148.8701171875
1,2023,36109,5,42,48,3,5,0.43671146035194397,18668.900390625
1,2023,36109,5,41,47,3,5,1.3795645236968994,56990
1,2023,36109,5,62,49,2,5,0,190944
1,2023,36109,5,62,47,2,5,0.14937859773635864,5366860
1,2023,36109,5,62,46,2,5,1.211076323670568e-7,2988.639892578125
1,2023,36109,5,61,49,2,5,0,78037
1,2023,36109,5,61,47,2,5,0.04312373697757721,1669180
1,2023,36109,5,61,46,2,5,0.008069811388850212,442518
1,2023,36109,5,54,47,2,5,0.001314241555519402,46501.30078125
1,2023,36109,5,54,46,2,5,0.0015807142481207848,75647.5
1,2023,36109,5,54,42,2,5,1.7470199964009225e-5,3662.89990234375
1,2023,36109,5,53,47,2,5,0.0020575961098074913,93425.1015625
1,2023,36109,5,53,46,2,5,0.001747945905663073,120571
1,2023,36109,5,53,42,2,5,0.0010089741554111242,85492.796875
1,2023,36109,5,53,41,2,5,0.0019256825326010585,177371
1,2023,36109,5,52,47,2,5,0.03687914460897446,1317720
1,2023,36109,5,52,46,2,5,0.03345128893852234,1702420
1,2023,36109,5,52,42,2,5,0.01885492354631424,1231360
1,2023,36109,5,52,41,2,5,0.035611484199762344,2497910
1,2023,36109,5,51,47,2,5,0.0016990804579108953,56018.30078125
1,2023,36109,5,51,46,2,5,4.2280249181203544e-4,14775.7998046875
1,2023,36109,5,51,42,2,5,0,27.326400756835938
1,2023,36109,5,43,47,2,5,5.817326600663364e-4,20177.900390625
1,2023,36109,5,43,46,2,5,0.009034796617925167,375995
1,2023,36109,5,43,42,2,5,1.6581076488364488e-4,6357.4599609375
1,2023,36109,5,43,41,2,5,0,104.88899993896484
1,2023,36109,5,42,48,2,5,0.006961701437830925,205251
1,2023,36109,5,42,46,2,5,3.0924458405934274e-4,11307.2001953125
1,2023,36109,5,42,42,2,5,4.953632014803588e-4,14677.099609375
1,2023,36109,5,41,47,2,5,0.017855897545814514,631340
1,2023,36109,5,41,46,2,5,8.510250481776893e-4,35766.5
1,2023,36109,5,41,42,2,5,0.0012429881608113647,46970.19921875
1,2023,36109,5,32,41,2,5,0.013609576039016247,811791
1,2023,36109,5,32,30,2,5,0.0011481783585622907,131418
1,2023,36109,5,31,41,2,5,0.04879160225391388,4060260
1,2023,36109,5,31,30,2,5,0.017784358933568,2042430
1,2023,36109,5,21,20,2,5,0.01313822716474533,940584
1,2023,36109,5,61,47,1,5,5.339992412700667e-7,4.126150131225586
1,2023,36109,5,61,46,1,5,5.4961678870313335e-6,10.616299629211426
1,2023,36109,5,54,47,1,5,2.3500502720708027e-5,625.531005859375
1,2023,36109,5,54,46,1,5,0.008992412127554417,97736.796875
1,2023,36109,5,54,42,1,5,0.015700770542025566,98592.203125
1,2023,36109,5,53,47,1,5,2.0427700656000525e-4,4866.68994140625
1,2023,36109,5,53,46,1,5,4.888761322945356e-4,11693.7001953125
1,2023,36109,5,53,42,1,5,0.0015828637406229973,50818.30078125
1,2023,36109,5,53,41,1,5,0.0015278474893420935,62922.5
1,2023,36109,5,52,47,1,5,0.00308146676979959,67224.296875
1,2023,36109,5,52,46,1,5,0.007242096588015556,161829
1,2023,36109,5,52,42,1,5,0.0244218148291111,712152
1,2023,36109,5,52,41,1,5,0.020149366930127144,887415
1,2023,36109,5,51,47,1,5,1.0304680699846358e-6,5.261250019073486
1,2023,36109,5,51,46,1,5,6.373618816724047e-6,37.75170135498047
1,2023,36109,5,51,42,1,5,6.370245682774112e-5,301.26800537109375
1,2023,36109,5,51,41,1,5,4.105546850041719e-6,9.74468994140625
1,2023,36109,5,43,47,1,5,1.318474460276775e-5,26.06100082397461
1,2023,36109,5,43,46,1,5,3.2734015258029103e-4,1699.5400390625
1,2023,36109,5,43,42,1,5,1.3740309805143625e-4,3813.27001953125
1,2023,36109,5,43,41,1,5,2.1155776721570874e-6,6.1145100593566895
1,2023,36109,5,42,47,1,5,6.637555998167954e-7,6.6929402351379395
1,2023,36109,5,42,46,1,5,3.2532950626773527e-6,35.62919998168945
1,2023,36109,5,42,42,1,5,0.0019997800700366497,42057.6015625
1,2023,36109,5,41,47,1,5,3.062000132558751e-6,22.60610008239746
1,2023,36109,5,41,46,1,5,1.3825297173752915e-5,109.677001953125
1,2023,36109,5,41,42,1,5,0.006835905835032463,121930
1,2023,36109,5,32,41,1,5,0.06843610852956772,1797600
1,2023,36109,5,32,30,1,5,0.14216838777065277,14601700
1,2023,36109,5,31,41,1,5,0.1131974384188652,1830060
1,2023,36109,5,31,30,1,5,1.4638582468032837,130261000
1,2023,36109,5,21,20,1,5,1.1462162733078003,124582000
1,2023,36109,5,11,10,1,5,0.2864697277545929,2054210
1,2023,36109,5,32,30,5,4,1.274128444492817e-4,10080.599609375
1,2023,36109,5,31,30,5,4,7.615250651724637e-4,56252.69921875
1,2023,36109,5,21,20,5,4,1.674653176451102e-4,14664.5
1,2023,36109,5,61,47,3,4,0.21196122467517853,21481.400390625
1,2023,36109,5,54,47,3,4,1.435760395906982e-6,0.17065200209617615
1,2023,36109,5,53,47,3,4,0.012840933166444302,1263.0699462890625
1,2023,36109,5,52,47,3,4,0.19321972131729126,19138.900390625
1,2023,36109,5,51,47,3,4,0.0297269094735384,3260.75
1,2023,36109,5,43,47,3,4,0.009881734848022461,893.9229736328125
1,2023,36109,5,42,48,3,4,0.04317036643624306,4006.6298828125
1,2023,36109,5,41,47,3,4,0.10949576646089554,10135.2001953125
1,2023,36109,5,62,49,2,4,0,95242
1,2023,36109,5,62,47,2,4,0.04295949265360832,2676960
1,2023,36109,5,62,46,2,4,3.5722155899975405e-8,1490.719970703125
1,2023,36109,5,61,49,2,4,0,23920.30078125
1,2023,36109,5,61,47,2,4,0.007502495311200619,511647
1,2023,36109,5,61,46,2,4,0.001369875157251954,135643
1,2023,36109,5,54,47,2,4,1.1443864786997437e-4,9130.8798828125
1,2023,36109,5,54,46,2,4,1.4724342327099293e-4,14854
1,2023,36109,5,54,42,2,4,1.9920087197533576e-6,719.23797607421875
1,2023,36109,5,53,47,2,4,2.018408995354548e-4,18551.900390625
1,2023,36109,5,53,46,2,4,1.6154591867234558e-4,23942.30078125
1,2023,36109,5,53,42,2,4,1.0628363088471815e-4,16976.69921875
1,2023,36109,5,53,41,2,4,2.0106266310904175e-4,35221.5
1,2023,36109,5,52,47,2,4,0.003353484207764268,286891
1,2023,36109,5,52,46,2,4,0.002877241699025035,370645
1,2023,36109,5,52,42,2,4,0.0018930321093648672,268088
1,2023,36109,5,52,41,2,4,0.003539102617651224,543837
1,2023,36109,5,51,47,2,4,1.949823199538514e-4,12858.7001953125
1,2023,36109,5,51,46,2,4,5.063510616309941e-5,3391.719970703125
1,2023,36109,5,51,42,2,4,0,6.272640228271484
1,2023,36109,5,43,47,2,4,4.6995275624794886e-5,3503.18994140625
1,2023,36109,5,43,46,2,4,7.691751234233379e-4,65278.3984375
1,2023,36109,5,43,42,2,4,1.605119541636668e-5,1103.75
1,2023,36109,5,43,41,2,4,0,18.21030044555664
1,2023,36109,5,42,48,2,4,7.62133568059653e-4,44049.80078125
1,2023,36109,5,42,46,2,4,3.5921126254834235e-5,2426.679931640625
1,2023,36109,5,42,42,2,4,7.410661783069372e-5,3149.909912109375
1,2023,36109,5,41,47,2,4,0.001534814015030861,112279
1,2023,36109,5,41,46,2,4,7.600348180858418e-5,6360.7900390625
1,2023,36109,5,41,42,2,4,1.5540383174084127e-4,8353.26953125
1,2023,36109,5,32,41,2,4,0.0013095787726342678,156063
1,2023,36109,5,32,30,2,4,1.5717414498794824e-4,25264.5
1,2023,36109,5,31,41,2,4,0.003746491391211748,694881
1,2023,36109,5,31,30,2,4,0.00229479162953794,349546
1,2023,36109,5,21,20,2,4,0.0016974159516394138,171780
1,2023,36109,5,61,47,1,4,6.324213330799466e-8,1.2647700309753418
1,2023,36109,5,61,46,1,4,1.2411803709255764e-6,3.254159927368164
1,2023,36109,5,54,47,1,4,4.5781853259541094e-6,122.8280029296875
1,2023,36109,5,54,46,1,4,7.050062413327396e-4,19191.400390625
1,2023,36109,5,54,42,1,4,0.0014818150084465742,19359.30078125
1,2023,36109,5,53,47,1,4,3.604293306125328e-5,966.4019775390625
1,2023,36109,5,53,46,1,4,6.262616079766303e-5,2322.080078125
1,2023,36109,5,53,42,1,4,1.685224415268749e-4,10091.2001953125
1,2023,36109,5,53,41,1,4,1.5054154209792614e-4,12494.7998046875
1,2023,36109,5,52,47,1,4,5.842304672114551e-4,14635.900390625
1,2023,36109,5,52,46,1,4,9.223974775522947e-4,35232.8984375
1,2023,36109,5,52,42,1,4,0.0023175321985036135,155047
1,2023,36109,5,52,41,1,4,0.0018125853966921568,193205
1,2023,36109,5,51,47,1,4,7.869498830359589e-8,1.2076900005340576
1,2023,36109,5,51,46,1,4,1.0184131724599865e-6,8.665719985961914
1,2023,36109,5,51,42,1,4,5.270359451969853e-6,69.15470123291016
1,2023,36109,5,51,41,1,4,4.977309799869545e-7,2.2368500232696533
1,2023,36109,5,43,47,1,4,1.2082322200512863e-6,4.524590015411377
1,2023,36109,5,43,46,1,4,3.052156534977257e-5,295.06500244140625
1,2023,36109,5,43,42,1,4,1.4898287190590054e-5,662.0419921875
1,2023,36109,5,43,41,1,4,1.9589391797580902e-7,1.0615700483322144
1,2023,36109,5,42,47,1,4,5.1412456514299265e-8,1.436400055885315
1,2023,36109,5,42,46,1,4,2.723204772792087e-7,7.646550178527832
1,2023,36109,5,42,42,1,4,4.049208073411137e-4,9026.169921875
1,2023,36109,5,41,47,1,4,1.8459525108482921e-7,4.020309925079346
1,2023,36109,5,41,46,1,4,8.744634669710649e-7,19.505199432373047
1,2023,36109,5,41,42,1,4,0.0010306830517947674,21684.19921875
1,2023,36109,5,32,41,1,4,0.004874078556895256,345581
1,2023,36109,5,32,30,1,4,0.01872154325246811,2807100
1,2023,36109,5,31,41,1,4,0.007453431840986013,313200
1,2023,36109,5,31,30,1,4,0.17892825603485107,22293200
1,2023,36109,5,21,20,1,4,0.14113882184028625,22752700
1,2023,36109,5,11,10,1,4,0.029377806931734085,288291
1,2023,36109,5,32,30,5,3,8.621594752185047e-4,63028.19921875
1,2023,36109,5,31,30,5,3,0.007008946966379881,504891
1,2023,36109,5,21,20,5,3,0.0010487972758710384,87187.5
1,2023,36109,5,61,47,3,3,2.3358967304229736,217009
1,2023,36109,5,54,47,3,3,1.926895129145123e-5,1.8062399625778198
1,2023,36109,5,53,47,3,3,0.13581907749176025,12216.7001953125
1,2023,36109,5,52,47,3,3,2.180018901824951,179811
1,2023,36109,5,51,47,3,3,0.3129615783691406,28338.69921875
1,2023,36109,5,43,47,3,3,0.1271824687719345,9657.8896484375
1,2023,36109,5,42,48,3,3,0.34308555722236633,27116.80078125
1,2023,36109,5,41,47,3,3,1.103126883506775,84744.1015625
1,2023,36109,5,62,49,2,3,0,673634
1,2023,36109,5,62,47,2,3,0.3270854949951172,18933800
1,2023,36109,5,62,46,2,3,2.719390863603621e-7,10543.7001953125
1,2023,36109,5,61,49,2,3,0,241648
1,2023,36109,5,61,47,2,3,0.08112206310033798,5168750
1,2023,36109,5,61,46,2,3,0.014870287850499153,1370290
1,2023,36109,5,54,47,2,3,0.0014624472241848707,96644.296875
1,2023,36109,5,54,46,2,3,0.0018427666509523988,157219
1,2023,36109,5,54,42,2,3,2.3546028387499973e-5,7612.66015625
1,2023,36109,5,53,47,2,3,0.0021696791518479586,179437
1,2023,36109,5,53,46,2,3,0.0017521126428619027,231574
1,2023,36109,5,53,42,2,3,0.001126330578699708,164202
1,2023,36109,5,53,41,2,3,0.0021354523487389088,340669
1,2023,36109,5,52,47,2,3,0.038362521678209305,2695350
1,2023,36109,5,52,46,2,3,0.03342163562774658,3482230
1,2023,36109,5,52,42,2,3,0.020853523164987564,2518700
1,2023,36109,5,52,41,2,3,0.03901476413011551,5109370
1,2023,36109,5,51,47,2,3,0.0019427353981882334,111753
1,2023,36109,5,51,46,2,3,5.026870057918131e-4,29476.900390625
1,2023,36109,5,51,42,2,3,0,54.51449966430664
1,2023,36109,5,43,47,2,3,5.901024560444057e-4,37848.30078125
1,2023,36109,5,43,46,2,3,0.009562318213284016,705264
1,2023,36109,5,43,42,2,3,1.9246243755333126e-4,11924.900390625
1,2023,36109,5,43,41,2,3,0,196.7429962158203
1,2023,36109,5,42,48,2,3,0.005794872064143419,298128
1,2023,36109,5,42,46,2,3,2.7070118812844157e-4,16423.69921875
1,2023,36109,5,42,42,2,3,5.136241088621318e-4,21318.599609375
1,2023,36109,5,41,47,2,3,0.014792686328291893,938802
1,2023,36109,5,41,46,2,3,7.335087284445763e-4,53184.80078125
1,2023,36109,5,41,42,2,3,0.0013292329385876656,69844.703125
1,2023,36109,5,32,41,2,3,0.009515316225588322,975771
1,2023,36109,5,32,30,2,3,0.0010630667675286531,157964
1,2023,36109,5,31,41,2,3,0.038808081299066544,6236850
1,2023,36109,5,31,30,2,3,0.02107619121670723,3137320
1,2023,36109,5,21,20,2,3,0.010630546137690544,1021320
1,2023,36109,5,61,47,1,3,7.295228101611428e-7,12.776900291442871
1,2023,36109,5,61,46,1,3,1.2931764103996102e-5,32.87419891357422
1,2023,36109,5,54,47,1,3,4.6859804569976404e-5,1300.050048828125
1,2023,36109,5,54,46,1,3,0.009052819572389126,203128
1,2023,36109,5,54,42,1,3,0.018542196601629257,204906
1,2023,36109,5,53,47,1,3,3.5079949884675443e-4,9347.2197265625
1,2023,36109,5,53,46,1,3,6.350426119752228e-4,22459.599609375
1,2023,36109,5,53,42,1,3,0.0017673135735094547,97604.3984375
1,2023,36109,5,53,41,1,3,0.0016045683296397328,120852
1,2023,36109,5,52,47,1,3,0.0054453290067613125,137505
1,2023,36109,5,52,46,1,3,0.009263360872864723,331014
1,2023,36109,5,52,42,1,3,0.025549810379743576,1456680
1,2023,36109,5,52,41,1,3,0.020511366426944733,1815170
1,2023,36109,5,51,47,1,3,8.974676006801019e-7,10.49590015411377
1,2023,36109,5,51,46,1,3,9.083871191251092e-6,75.3124008178711
1,2023,36109,5,51,42,1,3,6.069248411222361e-5,601.01397705078125
1,2023,36109,5,51,41,1,3,5.192944172449643e-6,19.440099716186523
1,2023,36109,5,43,47,1,3,1.4803487829340156e-5,48.883399963378906
1,2023,36109,5,43,46,1,3,3.652629384305328e-4,3187.8701171875
1,2023,36109,5,43,42,1,3,1.642598072066903e-4,7152.66015625
1,2023,36109,5,43,41,1,3,2.4146900159394136e-6,11.469200134277344
1,2023,36109,5,42,47,1,3,4.2933368149533635e-7,9.721540451049805
1,2023,36109,5,42,46,1,3,2.2022193206794327e-6,51.75170135498047
1,2023,36109,5,42,42,1,3,0.0024915982503443956,61089
1,2023,36109,5,41,47,1,3,2.010770003835205e-6,33.61520004272461
1,2023,36109,5,41,46,1,3,9.402417163073551e-6,163.08999633789063
1,2023,36109,5,41,42,1,3,0.008089939132332802,181309
1,2023,36109,5,32,41,1,3,0.039919208735227585,2160710
1,2023,36109,5,32,30,1,3,0.12817785143852234,17551200
1,2023,36109,5,31,41,1,3,0.08219902217388153,2811100
1,2023,36109,5,31,30,1,3,1.6781916618347168,200090000
1,2023,36109,5,21,20,1,3,0.8961062431335449,135276000
1,2023,36109,5,11,10,1,3,0.30884334444999695,2929590
1,2023,36109,5,32,30,5,2,0,0
1,2023,36109,5,31,30,5,2,0,0
1,2023,36109,5,21,20,5,2,0,0
1,2023,36109,5,61,47,3,2,0,0
1,2023,36109,5,54,47,3,2,0,0
1,2023,36109,5,53,47,3,2,0,0
1,2023,36109,5,52,47,3,2,0,0
1,2023,36109,5,51,47,3,2,0,0
1,2023,36109,5,43,47,3,2,0,0
1,2023,36109,5,42,48,3,2,0,0
1,2023,36109,5,41,47,3,2,0,0
1,2023,36109,5,62,49,2,2,0,0
1,2023,36109,5,62,47,2,2,0,0
1,2023,36109,5,62,46,2,2,0,0
1,2023,36109,5,61,49,2,2,0,0
1,2023,36109,5,61,47,2,2,0,0
1,2023,36109,5,61,46,2,2,0,0
1,2023,36109,5,54,47,2,2,0,0
1,2023,36109,5,54,46,2,2,0,0
1,2023,36109,5,54,42,2,2,0,0
1,2023,36109,5,53,47,2,2,0,0
1,2023,36109,5,53,46,2,2,0,0
1,2023,36109,5,53,42,2,2,0,0
1,2023,36109,5,53,41,2,2,0,0
1,2023,36109,5,52,47,2,2,0,0
1,2023,36109,5,52,46,2,2,0,0
1,2023,36109,5,52,42,2,2,0,0
1,2023,36109,5,52,41,2,2,0,0
1,2023,36109,5,51,47,2,2,0,0
1,2023,36109,5,51,46,2,2,0,0
1,2023,36109,5,51,42,2,2,0,0
1,2023,36109,5,43,47,2,2,0,0
1,2023,36109,5,43,46,2,2,0,0
1,2023,36109,5,43,42,2,2,0,0
1,2023,36109,5,43,41,2,2,0,0
1,2023,36109,5,42,48,2,2,0,0
1,2023,36109,5,42,46,2,2,0,0
1,2023,36109,5,42,42,2,2,0,0
1,2023,36109,5,41,47,2,2,0,0
1,2023,36109,5,41,46,2,2,0,0
1,2023,36109,5,41,42,2,2,0,0
1,2023,36109,5,32,41,2,2,0,0
1,2023,36109,5,32,30,2,2,0,0
1,2023,36109,5,31,41,2,2,0,0
1,2023,36109,5,31,30,2,2,0,0
1,2023,36109,5,21,20,2,2,0,0
1,2023,36109,5,61,47,1,2,0,0
1,2023,36109,5,61,46,1,2,0,0
1,2023,36109,5,54,47,1,2,0,0
1,2023,36109,5,54,46,1,2,0,0
1,2023,36109,5,54,42,1,2,0,0
1,2023,36109,5,53,47,1,2,0,0
1,2023,36109,5,53,46,1,2,0,0
1,2023,36109,5,53,42,1,2,0,0
1,2023,36109,5,53,41,1,2,0,0
1,2023,36109,5,52,47,1,2,0,0
1,2023,36109,5,52,46,1,2,0,0
1,2023,36109,5,52,42,1,2,0,0
1,2023,36109,5,52,41,1,2,0,0
1,2023,36109,5,51,47,1,2,0,0
1,2023,36109,5,51,46,1,2,0,0
1,2023,36109,5,51,42,1,2,0,0
1,2023,36109,5,51,41,1,2,0,0
1,2023,36109,5,43,47,1,2,0,0
1,2023,36109,5,43,46,1,2,0,0
1,2023,36109,5,43,42,1,2,0,0
1,2023,36109,5,43,41,1,2,0,0
1,2023,36109,5,42,47,1,2,0,0
1,2023,36109,5,42,46,1,2,0,0
1,2023,36109,5,42,42,1,2,0,0
1,2023,36109,5,41,47,1,2,0,0
1,2023,36109,5,41,46,1,2,0,0
1,2023,36109,5,41,42,1,2,0,0
1,2023,36109,5,32,41,1,2,0,0
1,2023,36109,5,32,30,1,2,0,0
1,2023,36109,5,31,41,1,2,0,0
1,2023,36109,5,31,30,1,2,0,0
1,2023,36109,5,21,20,1,2,0,0
1,2023,36109,5,11,10,1,2,0,0
1,2023,36109,1,32,30,5,5,0.001130684744566679,52436.19921875
1,2023,36109,1,31,30,5,5,0.007160327397286892,328690
1,2023,36109,1,21,20,5,5,0.001576889306306839,80295.3984375
1,2023,36109,1,61,47,3,5,1.3874680995941162,70080.296875
1,2023,36109,1,54,47,3,5,2.101357858919073e-5,0.8690900206565857
1,2023,36109,1,53,47,3,5,0.12486099451780319,6360.68017578125
1,2023,36109,1,52,47,3,5,2.076611042022705,87907.5
1,2023,36109,1,51,47,3,5,0.2996070981025696,14205.2998046875
1,2023,36109,1,43,47,3,5,0.1316005289554596,5148.8701171875
1,2023,36109,1,42,48,3,5,0.4564075469970703,18668.900390625
1,2023,36109,1,41,47,3,5,1.4512478113174438,56990
1,2023,36109,1,62,49,2,5,0.17788437008857727,190944
1,2023,36109,1,62,47,2,5,0.7299813628196716,5366860
1,2023,36109,1,62,46,2,5,0.00619811937212944,2988.639892578125
1,2023,36109,1,61,49,2,5,0.06979966908693314,78037
1,2023,36109,1,61,47,2,5,0.18714158236980438,1669180
1,2023,36109,1,61,46,2,5,0.04942631348967552,442518
1,2023,36109,1,54,47,2,5,0.01136824581772089,46501.30078125
1,2023,36109,1,54,46,2,5,0.06441300362348557,75647.5
1,2023,36109,1,54,42,2,5,0.004900589119642973,3662.89990234375
1,2023,36109,1,53,47,2,5,0.009316843934357166,93425.1015625
1,2023,36109,1,53,46,2,5,0.013345791958272457,120571
1,2023,36109,1,53,42,2,5,0.006501056719571352,85492.796875
1,2023,36109,1,53,41,2,5,0.016482969745993614,177371
1,2023,36109,1,52,47,2,5,0.17090453207492828,1317720
1,2023,36109,1,52,46,2,5,0.24442428350448608,1702420
1,2023,36109,1,52,42,2,5,0.13958126306533813,1231360
1,2023,36109,1,52,41,2,5,0.25333425402641296,2497910
1,2023,36109,1,51,47,2,5,0.013746372424066067,56018.30078125
1,2023,36109,1,51,46,2,5,0.005063301417976618,14775.7998046875
1,2023,36109,1,51,42,2,5,4.0259161323774606e-5,27.326400756835938
1,2023,36109,1,43,47,2,5,0.004083269275724888,20177.900390625
1,2023,36109,1,43,46,2,5,0.09397533535957336,375995
1,2023,36109,1,43,42,2,5,0.0014544555451720953,6357.4599609375
1,2023,36109,1,43,41,2,5,1.465401437599212e-4,104.88899993896484
1,2023,36109,1,42,48,2,5,0.03324791043996811,205251
1,2023,36109,1,42,46,2,5,0.002605874789878726,11307.2001953125
1,2023,36109,1,42,42,2,5,0.004452411085367203,14677.099609375
1,2023,36109,1,41,47,2,5,0.13613542914390564,631340
1,2023,36109,1,41,46,2,5,0.014365320093929768,35766.5
1,2023,36109,1,41,42,2,5,0.021279016509652138,46970.19921875
1,2023,36109,1,32,41,2,5,0.18269264698028564,811791
1,2023,36109,1,32,30,2,5,0.02460138127207756,131418
1,2023,36109,1,31,41,2,5,0.8485404253005981,4060260
1,2023,36109,1,31,30,2,5,0.1631927639245987,2042430
1,2023,36109,1,21,20,2,5,0.04020129144191742,940584
1,2023,36109,1,61,47,1,5,3.6575236208591377e-6,4.126150131225586
1,2023,36109,1,61,46,1,5,3.7645029806299135e-5,10.616299629211426
1,2023,36109,1,54,47,1,5,1.609616883797571e-4,625.531005859375
1,2023,36109,1,54,46,1,5,0.06159185990691185,97736.796875
1,2023,36109,1,54,42,1,5,0.10753928124904633,98592.203125
1,2023,36109,1,53,47,1,5,0.0013991636224091053,4866.68994140625
1,2023,36109,1,53,46,1,5,0.0033484685700386763,11693.7001953125
1,2023,36109,1,53,42,1,5,0.010841550305485725,50818.30078125
1,2023,36109,1,53,41,1,5,0.010464681312441826,62922.5
1,2023,36109,1,52,47,1,5,0.021105952560901642,67224.296875
1,2023,36109,1,52,46,1,5,0.049603454768657684,161829
1,2023,36109,1,52,42,1,5,0.1672724187374115,712152
1,2023,36109,1,52,41,1,5,0.13800936937332153,887415
1,2023,36109,1,51,47,1,5,7.057999937387649e-6,5.261250019073486
1,2023,36109,1,51,46,1,5,4.365494169178419e-5,37.75170135498047
1,2023,36109,1,51,42,1,5,4.3631793232634664e-4,301.26800537109375
1,2023,36109,1,51,41,1,5,2.812018101394642e-5,9.74468994140625
1,2023,36109,1,43,47,1,5,9.030662477016449e-5,26.06100082397461
1,2023,36109,1,43,46,1,5,0.0022420568857342005,1699.5400390625
1,2023,36109,1,43,42,1,5,9.411147329956293e-4,3813.27001953125
1,2023,36109,1,43,41,1,5,1.449021146981977e-5,6.1145100593566895
1,2023,36109,1,42,47,1,5,4.546272975858301e-6,6.6929402351379395
1,2023,36109,1,42,46,1,5,2.228289122285787e-5,35.62919998168945
1,2023,36109,1,42,42,1,5,0.013697098940610886,42057.6015625
1,2023,36109,1,41,47,1,5,2.097257129207719e-5,22.60610008239746
1,2023,36109,1,41,46,1,5,9.469393262406811e-5,109.677001953125
1,2023,36109,1,41,42,1,5,0.04682133346796036,121930
1,2023,36109,1,32,41,1,5,0.46874019503593445,1797600
1,2023,36109,1,32,30,1,5,0.6060771346092224,14601700
1,2023,36109,1,31,41,1,5,0.7753227353096008,1830060
1,2023,36109,1,31,30,1,5,6.612742900848389,130261000
1,2023,36109,1,21,20,1,5,4.837140083312988,124582000
1,2023,36109,1,11,10,1,5,1.9621249437332153,2054210
1,2023,36109,1,32,30,5,4,1.5500369772780687e-4,10080.599609375
1,2023,36109,1,31,30,5,4,9.264297550544143e-4,56252.69921875
1,2023,36109,1,21,20,5,4,2.0372917060740292e-4,14664.5
1,2023,36109,1,61,47,3,4,0.2210233211517334,21481.400390625
1,2023,36109,1,54,47,3,4,1.5705068108218256e-6,0.17065200209617615
1,2023,36109,1,53,47,3,4,0.013390655629336834,1263.0699462890625
1,2023,36109,1,52,47,3,4,0.20149366557598114,19138.900390625
1,2023,36109,1,51,47,3,4,0.030997762456536293,3260.75
1,2023,36109,1,43,47,3,4,0.010313852690160275,893.9229736328125
1,2023,36109,1,42,48,3,4,0.04515055567026138,4006.6298828125
1,2023,36109,1,41,47,3,4,0.11560378968715668,10135.2001953125
1,2023,36109,1,62,49,2,4,0.06908658146858215,95242
1,2023,36109,1,62,47,2,4,0.2284528911113739,2676960
1,2023,36109,1,62,46,2,4,0.0019562498200684786,1490.719970703125
1,2023,36109,1,61,49,2,4,0.01656564325094223,23920.30078125
1,2023,36109,1,61,47,2,4,0.035675860941410065,511647
1,2023,36109,1,61,46,2,4,0.008926483802497387,135643
1,2023,36109,1,54,47,2,4,0.0012095109559595585,9130.8798828125
1,2023,36109,1,54,46,2,4,0.006856365129351616,14854
1,2023,36109,1,54,42,2,4,5.559782148338854e-4,719.23797607421875
1,2023,36109,1,53,47,2,4,0.0010846235090866685,18551.900390625
1,2023,36109,1,53,46,2,4,0.0015309890732169151,23942.30078125
1,2023,36109,1,53,42,2,4,7.914352463558316e-4,16976.69921875
1,2023,36109,1,53,41,2,4,0.002048061229288578,35221.5
1,2023,36109,1,52,47,2,4,0.018802782520651817,286891
1,2023,36109,1,52,46,2,4,0.026181213557720184,370645
1,2023,36109,1,52,42,2,4,0.016398202627897263,268088
1,2023,36109,1,52,41,2,4,0.029573356732726097,543837
1,2023,36109,1,51,47,2,4,0.001847396488301456,12858.7001953125
1,2023,36109,1,51,46,2,4,6.373276701197028e-4,3391.719970703125
1,2023,36109,1,51,42,2,4,5.280202913127141e-6,6.272640228271484
1,2023,36109,1,43,47,2,4,4.1779468301683664e-4,3503.18994140625
1,2023,36109,1,43,46,2,4,0.009239263832569122,65278.3984375
1,2023,36109,1,43,42,2,4,1.4854304026812315e-4,1103.75
1,2023,36109,1,43,41,2,4,1.529258406662848e-5,18.21030044555664
1,2023,36109,1,42,48,2,4,0.004126336891204119,44049.80078125
1,2023,36109,1,42,46,2,4,3.212608862668276e-4,2426.679931640625
1,2023,36109,1,42,42,2,4,5.984370363876224e-4,3149.909912109375
1,2023,36109,1,41,47,2,4,0.014481834135949612,112279
1,2023,36109,1,41,46,2,4,0.00137379951775074,6360.7900390625
1,2023,36109,1,41,42,2,4,0.002228465396910906,8353.26953125
1,2023,36109,1,32,41,2,4,0.020542781800031662,156063
1,2023,36109,1,32,30,2,4,0.0029856429900974035,25264.5
1,2023,36109,1,31,41,2,4,0.08488281071186066,694881
1,2023,36109,1,31,30,2,4,0.01853392831981182,349546
1,2023,36109,1,21,20,2,4,0.005148796830326319,171780
1,2023,36109,1,61,47,1,4,4.3316532583048684e-7,1.2647700309753418
1,2023,36109,1,61,46,1,4,8.501256161252968e-6,3.254159927368164
1,2023,36109,1,54,47,1,4,3.135744918836281e-5,122.8280029296875
1,2023,36109,1,54,46,1,4,0.00482880650088191,19191.400390625
1,2023,36109,1,54,42,1,4,0.01014942117035389,19359.30078125
1,2023,36109,1,53,47,1,4,2.4686919641681015e-4,966.4019775390625
1,2023,36109,1,53,46,1,4,4.2894677608273923e-4,2322.080078125
1,2023,36109,1,53,42,1,4,0.001154263154603541,10091.2001953125
1,2023,36109,1,53,41,1,4,0.0010311052901670337,12494.7998046875
1,2023,36109,1,52,47,1,4,0.004001576919108629,14635.900390625
1,2023,36109,1,52,46,1,4,0.006317786406725645,35232.8984375
1,2023,36109,1,52,42,1,4,0.0158735029399395,155047
1,2023,36109,1,52,41,1,4,0.012415001168847084,193205
1,2023,36109,1,51,47,1,4,5.390070327848662e-7,1.2076900005340576
1,2023,36109,1,51,46,1,4,6.9754364631080534e-6,8.665719985961914
1,2023,36109,1,51,42,1,4,3.609837585827336e-5,69.15470123291016
1,2023,36109,1,51,41,1,4,3.4091178804374067e-6,2.2368500232696533
1,2023,36109,1,43,47,1,4,8.275535037682857e-6,4.524590015411377
1,2023,36109,1,43,46,1,4,2.0905221754219383e-4,295.06500244140625
1,2023,36109,1,43,42,1,4,1.0204282443737611e-4,662.0419921875
1,2023,36109,1,43,41,1,4,1.3417443369689863e-6,1.0615700483322144
1,2023,36109,1,42,47,1,4,3.5213994920013647e-7,1.436400055885315
1,2023,36109,1,42,46,1,4,1.865209810603119e-6,7.646550178527832
1,2023,36109,1,42,42,1,4,0.0027734260074794292,9026.169921875
1,2023,36109,1,41,47,1,4,1.264350885321619e-6,4.020309925079346
1,2023,36109,1,41,46,1,4,5.989474175294163e-6,19.505199432373047
1,2023,36109,1,41,42,1,4,0.007059476803988218,21684.19921875
1,2023,36109,1,32,41,1,4,0.0333840474486351,345581
1,2023,36109,1,32,30,1,4,0.0778978019952774,2807100
1,2023,36109,1,31,41,1,4,0.05105090141296387,313200
1,2023,36109,1,31,30,1,4,0.785051703453064,22293200
1,2023,36109,1,21,20,1,4,0.5773531198501587,22752700
1,2023,36109,1,11,10,1,4,0.20121809840202332,288291
1,2023,36109,1,32,30,5,3,0.0010488557163625956,63028.19921875
1,2023,36109,1,31,30,5,3,0.008526707999408245,504891
1,2023,36109,1,21,20,5,3,0.001275914255529642,87187.5
1,2023,36109,1,61,47,3,3,2.4357659816741943,217009
1,2023,36109,1,54,47,3,3,2.10103826248087e-5,1.8062399625778198
1,2023,36109,1,53,47,3,3,0.1416337639093399,12216.7001953125
1,2023,36109,1,52,47,3,3,2.273373603820801,179811
1,2023,36109,1,51,47,3,3,0.326341450214386,28338.69921875
1,2023,36109,1,43,47,3,3,0.1327381134033203,9657.8896484375
1,2023,36109,1,42,48,3,3,0.3587438762187958,27116.80078125
1,2023,36109,1,41,47,3,3,1.1632139682769775,84744.1015625
1,2023,36109,1,62,49,2,3,0.5019605755805969,673634
1,2023,36109,1,62,47,2,3,1.7152292728424072,18933800
1,2023,36109,1,62,46,2,3,0.014743082225322723,10543.7001953125
1,2023,36109,1,61,49,2,3,0.1717522144317627,241648
1,2023,36109,1,61,47,2,3,0.38071954250335693,5168750
1,2023,36109,1,61,46,2,3,0.09628269821405411,1370290
1,2023,36109,1,54,47,2,3,0.014555247500538826,96644.296875
1,2023,36109,1,54,46,2,3,0.08285720646381378,157219
1,2023,36109,1,54,42,2,3,0.006592945661395788,7612.66015625
1,2023,36109,1,53,47,2,3,0.01129946205765009,179437
1,2023,36109,1,53,46,2,3,0.015986818820238113,231574
1,2023,36109,1,53,42,2,3,0.008189819753170013,164202
1,2023,36109,1,53,41,2,3,0.021132297813892365,340669
1,2023,36109,1,52,47,2,3,0.20308871567249298,2695350
1,2023,36109,1,52,46,2,3,0.2856959104537964,3482230
1,2023,36109,1,52,42,2,3,0.1739998310804367,2518700
1,2023,36109,1,52,41,2,3,0.3139999508857727,5109370
1,2023,36109,1,51,47,2,3,0.017763415351510048,111753
1,2023,36109,1,51,46,2,3,0.006294737569987774,29476.900390625
1,2023,36109,1,51,42,2,3,5.1514420192688704e-5,54.51449966430664
1,2023,36109,1,43,47,2,3,0.004980440717190504,37848.30078125
1,2023,36109,1,43,46,2,3,0.11131248623132706,705264
1,2023,36109,1,43,42,2,3,0.0017768375109881163,11924.900390625
1,2023,36109,1,43,41,2,3,1.8273343448527157e-4,196.7429962158203
1,2023,36109,1,42,48,2,3,0.030702674761414528,298128
1,2023,36109,1,42,46,2,3,0.0024063894525170326,16423.69921875
1,2023,36109,1,42,42,2,3,0.004369352478533983,21318.599609375
1,2023,36109,1,41,47,2,3,0.13295747339725494,938802
1,2023,36109,1,41,46,2,3,0.013142966665327549,53184.80078125
1,2023,36109,1,41,42,2,3,0.02064342424273491,69844.703125
1,2023,36109,1,32,41,2,3,0.14261813461780548,975771
1,2023,36109,1,32,30,2,3,0.02091756835579872,157964
1,2023,36109,1,31,41,2,3,0.8308968544006348,6236850
1,2023,36109,1,31,30,2,3,0.1779295653104782,3137320
1,2023,36109,1,21,20,2,3,0.032325055450201035,1021320
1,2023,36109,1,61,47,1,3,4.9967325139732566e-6,12.776900291442871
1,2023,36109,1,61,46,1,3,8.857368084136397e-5,32.87419891357422
1,2023,36109,1,54,47,1,3,3.2095774076879025e-4,1300.050048828125
1,2023,36109,1,54,46,1,3,0.062005557119846344,203128
1,2023,36109,1,54,42,1,3,0.12700168788433075,204906
1,2023,36109,1,53,47,1,3,0.002402740763500333,9347.2197265625
1,2023,36109,1,53,46,1,3,0.004349609836935997,22459.599609375
1,2023,36109,1,53,42,1,3,0.012104921042919159,97604.3984375
1,2023,36109,1,53,41,1,3,0.010990185663104057,120852
1,2023,36109,1,52,47,1,3,0.03729670122265816,137505
1,2023,36109,1,52,46,1,3,0.06344771385192871,331014
1,2023,36109,1,52,42,1,3,0.17499852180480957,1456680
1,2023,36109,1,52,41,1,3,0.14048846065998077,1815170
1,2023,36109,1,51,47,1,3,6.147038220660761e-6,10.49590015411377
1,2023,36109,1,51,46,1,3,6.221830699359998e-5,75.3124008178711
1,2023,36109,1,51,42,1,3,4.1570141911506653e-4,601.01397705078125
1,2023,36109,1,51,41,1,3,3.556816591299139e-5,19.440099716186523
1,2023,36109,1,43,47,1,3,1.0139378719031811e-4,48.883399963378906
1,2023,36109,1,43,46,1,3,0.0025017946027219296,3187.8701171875
1,2023,36109,1,43,42,1,3,0.0011250629322603345,7152.66015625
1,2023,36109,1,43,41,1,3,1.653896651987452e-5,11.469200134277344
1,2023,36109,1,42,47,1,3,2.9406357953121187e-6,9.721540451049805
1,2023,36109,1,42,46,1,3,1.5083695870998781e-5,51.75170135498047
1,2023,36109,1,42,42,1,3,0.017065761610865593,61089
1,2023,36109,1,41,47,1,3,1.3772386409982573e-5,33.61520004272461
1,2023,36109,1,41,46,1,3,6.440010474761948e-5,163.08999633789063
1,2023,36109,1,41,42,1,3,0.05541054159402847,181309
1,2023,36109,1,32,41,1,3,0.27341946959495544,2160710
1,2023,36109,1,32,30,1,3,0.5375078916549683,17551200
1,2023,36109,1,31,41,1,3,0.563006579875946,2811100
1,2023,36109,1,31,30,1,3,7.448901176452637,200090000
1,2023,36109,1,21,20,1,3,3.6992902755737305,135276000
1,2023,36109,1,11,10,1,3,2.115368366241455,2929590
1,2023,36109,1,32,30,5,2,0,0
1,2023,36109,1,31,30,5,2,0,0
1,2023,36109,1,21,20,5,2,0,0
1,2023,36109,1,61,47,3,2,0,0
1,2023,36109,1,54,47,3,2,0,0
1,2023,36109,1,53,47,3,2,0,0
1,2023,36109,1,52,47,3,2,0,0
1,2023,36109,1,51,47,3,2,0,0
1,2023,36109,1,43,47,3,2,0,0
1,2023,36109,1,42,48,3,2,0,0
1,2023,36109,1,41,47,3,2,0,0
1,2023,36109,1,62,49,2,2,0,0
1,2023,36109,1,62,47,2,2,0,0
1,2023,36109,1,62,46,2,2,0,0
1,2023,36109,1,61,49,2,2,0,0
1,2023,36109,1,61,47,2,2,0,0
1,2023,36109,1,61,46,2,2,0,0
1,2023,36109,1,54,47,2,2,0,0
1,2023,36109,1,54,46,2,2,0,0
1,2023,36109,1,54,42,2,2,0,0
1,2023,36109,1,53,47,2,2,0,0
1,2023,36109,1,53,46,2,2,0,0
1,2023,36109,1,53,42,2,2,0,0
1,2023,36109,1,53,41,2,2,0,0
1,2023,36109,1,52,47,2,2,0,0
1,2023,36109,1,52,46,2,2,0,0
1,2023,36109,1,52,42,2,2,0,0
1,2023,36109,1,52,41,2,2,0,0
1,2023,36109,1,51,47,2,2,0,0
1,2023,36109,1,51,46,2,2,0,0
1,2023,36109,1,51,42,2,2,0,0
1,2023,36109,1,43,47,2,2,0,0
1,2023,36109,1,43,46,2,2,0,0
1,2023,36109,1,43,42,2,2,0,0
1,2023,36109,1,43,41,2,2,0,0
1,2023,36109,1,42,48,2,2,0,0
1,2023,36109,1,42,46,2,2,0,0
1,2023,36109,1,42,42,2,2,0,0
1,2023,36109,1,41,47,2,2,0,0
1,2023,36109,1,41,46,2,2,0,0
1,2023,36109,1,41,42,2,2,0,0
1,2023,36109,1,32,41,2,2,0,0
1,2023,36109,1,32,30,2,2,0,0
1,2023,36109,1,31,41,2,2,0,0
1,2023,36109,1,31,30,2,2,0,0
1,2023,36109,1,21,20,2,2,0,0
1,2023,36109,1,61,47,1,2,0,0
1,2023,36109,1,61,46,1,2,0,0
1,2023,36109,1,54,47,1,2,0,0
1,2023,36109,1,54,46,1,2,0,0
1,2023,36109,1,54,42,1,2,0,0
1,2023,36109,1,53,47,1,2,0,0
1,2023,36109,1,53,46,1,2,0,0
1,2023,36109,1,53,42,1,2,0,0
1,2023,36109,1,53,41,1,2,0,0
1,2023,36109,1,52,47,1,2,0,0
1,2023,36109,1,52,46,1,2,0,0
1,2023,36109,1,52,42,1,2,0,0
1,2023,36109,1,52,41,1,2,0,0
1,2023,36109,1,51,47,1,2,0,0
1,2023,36109,1,51,46,1,2,0,0
1,2023,36109,1,51,42,1,2,0,0
1,2023,36109,1,51,41,1,2,0,0
1,2023,36109,1,43,47,1,2,0,0
1,2023,36109,1,43,46,1,2,0,0
1,2023,36109,1,43,42,1,2,0,0
1,2023,36109,1,43,41,1,2,0,0
1,2023,36109,1,42,47,1,2,0,0
1,2023,36109,1,42,46,1,2,0,0
1,2023,36109,1,42,42,1,2,0,0
1,2023,36109,1,41,47,1,2,0,0
1,2023,36109,1,41,46,1,2,0,0
1,2023,36109,1,41,42,1,2,0,0
1,2023,36109,1,32,41,1,2,0,0
1,2023,36109,1,32,30,1,2,0,0
1,2023,36109,1,31,41,1,2,0,0
1,2023,36109,1,31,30,1,2,0,0
1,2023,36109,1,21,20,1,2,0,0
1,2023,36109,1,11,10,1,2,0,0
